id,position,pace,shooting,passing,dribbling
158023,RW,87,92,92,96
20801,LW,90,93,82,89
183277,LW,91,83,86,94
209331,RW,93,86,81,89
231747,RW,96,84,78,90
202126,ST,70,91,79,81
153079,ST,80,90,77,88
176580,ST,73,89,80,84
188545,ST,77,87,74,85
194765,LW,81,86,84,89
211110,RW,83,82,84,90
202652,LW,93,79,78,89
179813,ST,75,86,72,79
208722,LW,94,83,77,89
218667,RW,81,76,83,92
165153,CF,76,82,80,86
198219,LS,89,79,85,91
201942,CF,77,82,80,87
183898,LW,84,79,84,87
192387,ST,80,85,63,81
193301,ST,82,85,75,86
192505,LS,75,82,73,72
41236,ST,56,88,77,77
192629,RS,78,84,77,85
235790,RF,84,78,79,84
202556,LW,87,80,81,84
213345,LW,92,76,77,87
206113,RW,90,82,75,86
180930,ST,60,84,71,75
181783,ST,68,80,71,75
199434,ST,68,80,84,85
200647,RS,70,84,84,85
205175,RS,69,85,64,76
211300,ST,89,81,72,86
212523,RW,77,82,80,81
212188,LS,92,81,67,83
224179,ST,67,83,63,76
198717,LS,91,76,72,88
200454,ST,79,84,68,80
201153,LS,81,79,71,80
205693,ST,72,81,62,76
204970,RW,83,80,81,83
159261,ST,69,89,75,80
167397,LS,65,82,69,77
169416,RW,80,82,78,84
198329,LS,90,80,74,82
199451,RS,84,82,77,85
216354,LS,73,85,73,85
230294,ST,81,84,62,72
230142,LW,75,82,79,83
208596,ST,77,81,57,77
216201,RW,94,80,72,80
221992,RW,93,76,73,83
211748,LF,67,74,82,84
202651,RS,78,76,83,87
189575,LW,80,72,77,87
195093,ST,69,82,68,75
200610,ST,76,84,79,79
106231,ST,61,82,64,75
184200,ST,80,79,77,82
186627,RS,76,82,73,79
189505,RW,75,77,77,84
189805,ST,56,79,71,69
190813,LW,87,78,71,84
198951,RS,90,81,72,80
208830,ST,88,81,65,74
215333,LS,71,81,56,76
216475,LW,89,81,76,85
231478,RS,81,77,68,82
207877,ST,89,79,61,79
206467,LS,76,81,76,78
207791,RS,83,74,67,75
208093,ST,76,79,66,78
223689,ST,63,80,59,69
142707,LS,75,82,73,80
159145,LS,70,82,66,75
176600,RS,85,79,74,77
177388,LW,71,77,82,81
184431,RS,81,79,79,87
204399,LW,75,81,73,82
224334,LW,76,74,81,86
242444,RS,82,80,74,81
223113,LS,76,80,53,73
224458,LS,83,77,70,84
211591,ST,82,77,61,76
212623,LS,77,79,69,78
212692,LW,79,75,76,83
215330,CF,84,75,75,85
202477,RS,88,73,75,87
220018,ST,88,80,70,78
230977,LS,89,74,76,82
196978,ST,87,78,67,77
54050,ST,64,81,80,76
139068,LW,72,75,79,86
153244,ST,69,82,71,71
154472,LS,39,83,67,70
184252,LS,71,79,72,75
187491,ST,86,81,70,76
189362,RW,78,85,76,80
194879,RS,60,78,70,75
200260,RW,78,77,81,82
204838,RS,78,78,71,75
223578,RS,72,79,61,75
227536,RS,88,79,63,65
238794,RW,93,70,71,85
235805,RW,85,74,71,83
227796,LW,90,68,70,84
210315,LS,72,81,60,73
229167,LW,90,78,71,83
232381,ST,77,76,68,73
208330,RW,76,76,74,82
220253,RW,84,77,75,81
220697,LW,75,72,82,79
233419,RW,89,74,74,82
207421,LW,83,80,76,82
213516,LW,76,76,76,81
218066,ST,85,78,66,73
185422,CF,88,79,69,79
193408,RS,71,77,67,71
205976,ST,77,75,72,79
221445,LS,87,74,72,80
113422,LS,65,81,74,80
124375,ST,80,81,65,69
178311,LS,86,78,73,83
182212,LS,74,78,63,72
182945,LW,84,78,73,81
186537,ST,69,78,69,75
188081,RS,92,76,73,82
189250,ST,69,77,62,70
190264,RF,75,74,79,84
192598,ST,81,77,73,77
192678,LS,61,79,63,75
194845,ST,76,80,77,79
203757,LS,82,73,60,78
213761,ST,76,79,68,73
215061,ST,80,80,66,75
224116,CF,55,81,53,71
230498,ST,84,79,65,80
223334,RS,78,75,60,76
209519,RS,72,76,67,75
207948,RW,87,73,71,83
215716,ST,62,77,55,69
210935,RW,77,77,74,82
215590,RW,76,75,67,81
211368,LW,90,72,71,84
193983,LS,73,78,70,73
213388,LS,75,71,76,81
220131,ST,65,78,58,61
143001,CF,68,77,74,78
156432,LS,47,79,69,71
170733,LW,90,70,71,80
177392,ST,68,75,66,77
183125,LS,57,79,67,71
183580,LS,59,79,59,66
184069,RS,59,79,53,65
186905,LS,62,78,68,74
190765,RW,58,72,82,74
195586,ST,66,81,62,74
201508,RW,63,75,78,79
204385,ST,66,80,62,71
205427,RS,83,74,68,77
205850,RS,60,76,51,68
214206,ST,69,80,62,75
223627,LS,70,79,69,73
243238,ST,79,77,55,74
241095,LF,79,70,73,80
216816,ST,77,75,59,76
221479,ST,84,70,63,75
215689,LS,62,74,68,75
225201,LF,79,68,72,79
230564,RF,77,68,72,81
204077,RS,89,76,68,80
223245,ST,88,76,71,78
198719,LS,84,71,71,82
216258,RS,93,70,66,81
225878,LW,81,71,73,77
226078,RW,84,74,73,80
192123,RS,70,76,59,68
216700,LW,80,72,74,82
224933,RS,90,74,60,77
140384,LS,67,75,65,72
162369,ST,41,78,68,72
164376,ST,48,76,64,63
172937,ST,31,78,61,67
183389,ST,82,76,71,76
183820,RW,79,68,77,79
184089,RW,85,74,73,83
184858,ST,73,76,64,71
188042,RS,70,77,72,81
188955,ST,78,76,69,76
190362,ST,77,75,58,75
192270,LS,79,76,63,74
192906,ST,67,79,73,79
193584,ST,67,76,66,72
198140,ST,76,74,68,74
198715,ST,77,78,64,78
199354,RS,72,78,75,77
199737,RW,79,79,72,77
199827,RW,65,71,74,72
213432,RS,65,76,59,74
229624,RS,76,77,62,77
230524,LS,81,77,60,73
231352,ST,74,74,57,69
231447,ST,91,73,64,80
235029,ST,80,74,65,75
219536,LS,80,74,62,77
235410,LS,75,74,54,74
220085,RS,76,78,69,75
224218,RF,87,74,68,77
210287,RS,82,75,61,72
195859,RS,75,74,64,76
202088,RF,81,71,70,78
204713,CF,88,74,74,78
211461,ST,54,78,59,69
134779,ST,66,76,73,72
146758,ST,57,77,71,72
150418,RS,58,75,59,67
152912,ST,46,79,61,65
152999,ST,74,71,72,82
176237,ST,70,76,61,69
176794,ST,50,77,75,73
188268,LW,92,70,67,79
188414,LF,61,71,76,79
191565,CF,75,72,65,78
193130,ST,75,78,72,78
196143,RW,85,77,73,76
196144,ST,67,74,62,71
196147,RW,73,74,69,77
196150,ST,57,75,72,77
198760,LW,70,73,74,75
199254,LS,72,75,72,75
199559,ST,58,75,49,69
199852,ST,71,76,70,72
203910,RW,73,70,72,83
204538,ST,80,77,64,76
230502,ST,76,76,61,73
233138,ST,81,75,67,76
236593,RW,77,62,73,79
221714,ST,80,70,62,72
231826,RW,79,69,69,79
238858,RW,81,67,71,80
235866,RS,84,71,61,75
239015,LW,92,71,62,79
217731,LS,68,76,65,79
228093,RS,83,73,67,76
228520,ST,78,76,63,74
228747,LW,83,70,70,80
219733,LS,57,74,52,67
223710,ST,60,74,53,67
229804,LW,85,69,68,78
194996,ST,51,77,61,67
205478,ST,76,72,58,70
208451,LS,77,73,69,78
212267,LW,86,71,69,77
225144,RW,79,73,69,79
208144,LF,63,69,74,78
209782,LW,74,71,73,80
210441,ST,68,77,55,66
229071,RS,78,70,67,75
232905,RW,90,66,69,75
168565,ST,75,73,68,75
177765,ST,61,77,66,74
184111,RS,58,74,61,65
186961,RS,69,69,58,72
189053,ST,84,76,58,73
189757,ST,70,73,55,69
192647,LS,46,74,63,74
193290,RS,75,74,69,76
194135,LW,78,71,76,73
196069,RW,90,63,71,79
198128,RS,82,75,66,77
198347,ST,77,75,67,75
200529,LW,71,73,74,76
203668,LS,84,76,59,74
212911,RW,92,68,68,80
215064,LS,56,75,61,66
230507,RS,69,75,68,71
244727,ST,75,74,49,69
232293,ST,85,73,61,70
231138,RS,89,71,60,77
215455,ST,67,72,73,73
220621,LW,79,70,71,77
221697,ST,82,70,68,74
224538,LW,67,73,75,77
225293,ST,72,72,52,68
216433,LW,76,75,68,75
219797,ST,81,72,62,75
202848,LW,85,68,70,81
209973,RS,77,74,49,70
212230,RW,73,72,75,80
213095,RS,76,73,49,71
226086,LW,86,70,65,76
232255,RW,92,63,67,77
227394,ST,65,74,53,67
240046,LF,88,73,66,74
247375,ST,88,67,69,76
203736,ST,80,72,57,71
224271,RW,88,67,72,73
19975,LS,73,76,74,74
110381,LW,67,75,75,75
158543,RS,68,72,66,72
172019,LW,77,70,70,74
173608,LS,54,73,64,69
176048,ST,73,72,61,70
176924,ST,70,74,66,74
177537,LW,65,70,74,75
178287,LF,67,68,72,73
179516,ST,65,76,62,67
185068,RW,78,73,70,75
186650,LS,70,76,69,74
189225,RS,76,72,64,76
192349,RW,77,72,69,80
192373,ST,46,76,61,69
192663,ST,63,74,55,62
200433,ST,63,74,65,69
200446,RS,78,74,67,76
201073,LF,76,72,72,75
202539,ST,79,74,64,71
205081,RS,75,72,64,70
208387,ST,65,73,53,64
214207,LS,81,75,71,74
214781,ST,68,74,68,74
215103,LW,85,70,66,78
215886,ST,51,72,69,70
223066,ST,75,75,65,70
230495,ST,55,76,60,66
230497,ST,83,72,58,74
230503,ST,79,76,57,63
230857,RS,78,72,64,77
242384,ST,70,74,46,70
243903,ST,71,72,63,70
239085,LS,81,70,55,72
234399,RW,72,71,67,76
241907,LW,82,71,65,76
233732,ST,91,68,55,76
225289,LS,86,71,62,76
237960,RW,89,70,64,73
208306,LS,71,70,59,71
213418,ST,84,70,54,70
216549,ST,73,72,65,66
225653,RW,93,69,61,74
232730,LF,75,69,71,76
206518,LS,85,72,65,74
215202,LW,80,72,65,79
220287,ST,67,73,55,63
238224,ST,67,71,45,65
240702,LS,74,70,66,69
224510,LS,73,75,62,72
210259,ST,58,74,52,67
211048,ST,87,70,57,73
219904,ST,83,70,60,73
236533,ST,74,72,46,64
204506,ST,83,68,60,73
205351,LW,69,68,74,75
206626,ST,73,72,58,67
186140,ST,69,73,58,70
204215,RW,77,70,70,74
210438,RW,76,65,70,78
212618,ST,52,74,52,67
221671,CF,68,55,72,75
251353,LS,79,69,60,66
115909,ST,70,74,63,76
122849,ST,65,74,62,70
137242,RF,64,63,77,73
138306,ST,79,70,61,71
172960,ST,68,73,60,68
177134,ST,70,73,68,68
181780,LS,49,74,51,67
184031,LW,75,72,69,73
186614,ST,69,72,53,72
188397,ST,56,72,72,72
189303,ST,70,73,61,70
190915,ST,61,71,63,69
191856,ST,58,72,66,66
192165,LW,76,72,64,76
192537,LW,76,70,70,76
192930,LS,77,70,63,71
194365,ST,63,68,68,74
196073,ST,62,74,67,70
198150,ST,70,72,66,70
198348,RS,71,70,72,74
198554,ST,69,72,55,69
198783,RS,51,73,63,62
199386,RS,77,71,65,73
199940,RW,85,64,71,76
201549,ST,68,73,60,68
202401,LS,63,71,56,65
203872,LW,86,70,68,75
206141,ST,74,72,60,61
208505,RS,76,71,58,66
209449,LW,93,66,62,76
210404,ST,67,73,64,69
211302,RS,73,71,57,73
212107,ST,63,73,48,64
212791,ST,88,67,67,73
212933,RS,48,71,59,63
213061,RS,79,70,67,71
213746,RW,74,67,69,76
232238,ST,74,72,51,70
246419,RW,70,63,70,78
239978,RW,86,68,64,71
224422,LW,78,69,66,77
237544,LS,69,70,62,71
228738,RW,92,67,57,77
215441,ST,71,68,59,73
227642,LW,89,66,61,76
234333,LW,83,67,62,76
237283,RS,67,72,62,72
219686,LW,73,70,65,77
222544,ST,69,71,53,67
229948,RS,76,73,60,70
231433,RW,81,65,68,74
207559,LW,70,56,71,74
227890,RW,78,70,68,75
228171,LS,82,70,68,77
234924,RW,87,69,64,73
237340,LS,87,68,61,75
197031,LS,67,71,58,66
206534,ST,71,69,63,71
216391,RS,84,71,65,76
235419,LW,79,68,64,78
236621,ST,62,73,49,65
203304,ST,77,71,57,66
211099,LW,85,63,64,75
220513,RW,79,64,66,76
223283,ST,60,70,46,66
227785,ST,78,72,61,72
228981,ST,76,70,57,71
231601,ST,77,75,53,68
235047,LW,89,66,63,76
238830,ST,64,70,58,69
217007,ST,75,69,64,74
223593,ST,67,71,50,71
204250,LS,63,71,58,68
209430,ST,73,73,66,71
211891,LW,77,70,58,67
212478,ST,85,70,51,68
215927,ST,66,72,55,62
219496,RS,59,74,44,59
223489,RS,67,70,62,66
224508,LS,78,71,63,72
227591,RS,83,72,62,72
46175,RS,64,72,69,68
176841,ST,60,70,59,65
177522,RW,86,62,63,76
178475,LS,61,73,41,56
179972,ST,36,74,66,66
180281,LW,86,69,66,77
180818,RS,66,71,67,72
183955,RS,78,73,68,72
185144,LS,61,73,53,69
188070,LW,71,68,69,73
188269,RS,64,72,53,67
188335,ST,59,73,44,64
188506,RS,67,69,66,74
188871,ST,52,70,53,64
189723,RS,71,71,62,73
191388,RS,77,67,68,77
191547,LF,70,69,62,72
192778,ST,68,70,70,73
199964,ST,87,72,65,68
201145,ST,56,71,58,70
201285,ST,71,72,57,69
201304,LS,86,70,61,74
203793,ST,67,72,63,72
203889,ST,72,71,56,69
210722,ST,54,70,52,67
211920,LS,64,71,52,67
212879,LS,78,72,62,70
213619,ST,69,71,49,70
214350,ST,57,74,56,65
214562,RW,70,72,63,65
215262,RS,76,72,60,68
215294,LS,64,70,63,66
219771,RS,76,64,70,74
230291,ST,82,67,62,73
230296,RS,81,69,58,76
230298,ST,72,76,61,64
230302,LS,69,74,60,71
230461,LW,70,62,72,73
230521,ST,82,63,60,74
235176,RW,81,63,69,74
225668,ST,88,69,49,68
241130,RW,78,70,52,69
241162,LW,84,63,60,77
245240,ST,76,69,54,71
236555,ST,67,72,59,69
225652,ST,68,68,51,70
234376,RW,75,70,66,75
235706,RW,77,67,62,77
213839,LS,56,68,57,71
220502,RF,62,63,70,69
222590,ST,73,70,57,69
226380,RS,91,66,61,75
245733,RS,73,67,45,57
212223,ST,92,65,52,74
226777,ST,68,72,44,62
209529,LW,75,67,66,72
234698,LF,85,65,66,77
202676,RS,76,72,62,72
202905,LS,83,67,58,66
204844,ST,91,67,63,77
208822,LS,89,69,65,74
210171,ST,84,69,64,73
213302,RW,82,70,64,75
214817,RS,76,71,62,66
223537,ST,45,70,53,67
240168,ST,60,72,51,68
198641,ST,65,70,48,64
212428,ST,70,70,55,68
230072,ST,63,70,54,66
251297,RS,85,70,66,75
192561,ST,76,69,62,67
201967,RS,87,59,64,74
202395,ST,71,68,60,66
204104,RS,60,71,48,62
205985,ST,47,68,63,66
206104,ST,60,70,52,67
207440,RW,90,64,67,74
208251,ST,72,70,57,70
209061,RW,90,63,63,74
214777,LS,70,69,63,69
215168,LW,81,64,60,72
215183,LS,45,71,55,64
220862,ST,72,68,52,65
232884,LS,72,70,68,74
139799,ST,35,74,62,64
164478,LS,69,69,65,72
168317,RS,55,68,65,67
172696,RS,70,67,49,64
181349,RS,76,72,70,71
182091,RS,85,70,62,73
182440,LW,77,69,66,70
183706,ST,70,74,67,64
188107,ST,75,69,52,67
189369,ST,80,66,50,62
189451,LS,54,72,58,63
190058,RS,60,73,62,69
191910,ST,55,70,62,63
199152,ST,45,71,58,64
199563,ST,68,68,49,64
201266,RW,77,68,69,72
201515,LS,72,69,71,73
201966,ST,63,71,55,63
204226,LS,81,69,68,73
204682,ST,60,72,53,66
206147,LS,79,68,58,66
207858,RW,71,71,51,68
214379,ST,72,68,52,66
214685,ST,76,70,59,70
214965,ST,75,69,62,70
215309,ST,66,71,65,70
229209,LW,83,66,61,72
230263,LW,81,58,67,73
230292,RS,85,68,56,77
235842,LS,64,70,45,67
239956,ST,85,67,51,74
245149,ST,83,68,60,72
238196,RF,74,66,66,73
230800,LS,70,68,53,68
231864,RW,90,67,60,73
236836,RW,90,66,63,70
237994,RW,76,63,67,72
239441,RW,86,66,62,73
230717,LS,82,68,61,70
232709,RW,77,64,62,73
238180,RS,67,68,56,69
240131,LW,89,59,59,76
241923,LS,88,66,61,72
246242,ST,72,68,49,69
225270,RS,69,68,47,65
229728,ST,77,67,62,68
235927,RS,91,66,58,77
224013,RW,72,67,63,73
227040,ST,65,70,49,61
231050,RW,74,65,66,73
212943,RS,72,67,56,65
236287,RS,74,68,54,65
239303,ST,76,67,55,67
190738,RS,67,70,62,69
207507,ST,71,68,51,69
215568,LW,81,69,67,70
240943,RW,72,67,64,74
214000,LW,88,66,62,75
223794,LS,90,63,65,71
232163,ST,93,73,54,65
237799,ST,72,68,55,68
197480,ST,65,70,53,67
215374,LS,85,63,52,70
234972,ST,82,68,44,70
113524,ST,58,72,63,69
125995,ST,54,72,56,60
138871,ST,42,72,66,76
158309,LW,74,69,67,66
163828,LS,67,72,62,68
164769,ST,52,70,58,69
169941,RW,74,65,69,74
178264,ST,48,72,58,63
182130,ST,71,70,63,69
183336,RW,74,70,68,71
184218,ST,81,69,61,68
184845,RS,56,69,57,63
184982,ST,48,68,62,68
187988,LW,63,63,71,72
188833,ST,74,71,58,69
189607,LS,70,70,49,62
189849,ST,73,69,62,70
190311,ST,82,67,55,70
190724,LS,79,68,56,64
192259,RS,70,69,70,71
192671,ST,69,67,65,70
193528,ST,68,67,57,67
194122,RS,76,70,48,65
198019,ST,70,70,56,65
200826,LS,64,66,49,66
201243,LS,54,67,35,62
201403,ST,73,71,60,68
202175,CF,68,68,59,64
204260,ST,74,68,65,69
209613,ST,79,67,58,68
211848,RS,78,68,61,67
214418,RW,91,67,60,73
214733,LW,92,59,61,73
214835,ST,67,71,63,68
214854,RW,91,60,62,71
221495,RW,73,70,69,69
224137,ST,82,68,49,65
230464,RW,53,61,71,71
230474,RW,82,60,67,76
237581,ST,84,64,43,66
238924,LS,77,70,49,63
242467,ST,78,67,45,67
246469,RW,88,59,59,73
227903,ST,76,70,49,65
246973,ST,69,68,53,64
239592,ST,72,69,55,67
238274,LW,80,66,61,74
232225,RW,59,69,46,58
238050,LW,88,61,56,74
241026,LW,80,63,63,74
241522,RS,67,65,54,66
244935,ST,66,69,51,64
224487,ST,77,69,62,68
246690,ST,69,67,48,67
228568,LW,81,69,64,71
233520,LF,73,60,64,74
235513,ST,70,69,48,57
213699,LW,74,66,44,68
215487,RS,73,67,52,68
215965,LS,81,67,53,60
222693,LW,86,61,62,72
237574,LW,81,66,59,73
242998,ST,63,67,60,64
213949,ST,76,67,56,67
223790,RW,92,65,59,69
227617,LS,88,68,61,72
211783,ST,66,70,57,66
223938,LW,76,60,67,74
229892,RS,63,65,54,65
237051,ST,88,65,51,71
204895,LW,62,65,70,69
205158,ST,76,66,59,69
207640,LS,75,70,56,67
212232,ST,81,66,59,69
232593,RF,77,68,51,65
232609,RF,73,62,66,69
208120,RS,64,69,51,63
210380,ST,75,69,58,68
220735,ST,36,71,46,58
239186,LW,78,64,61,72
195126,ST,70,66,51,62
208153,RS,56,68,51,60
215267,ST,32,71,49,61
219731,ST,63,66,55,63
220118,RW,65,64,72,71
223994,LS,68,67,47,67
229128,RW,77,63,65,68
237144,ST,69,71,45,65
242166,LW,80,63,62,69
244390,LW,76,65,63,72
3467,ST,66,70,55,67
104442,RW,72,65,64,71
164559,ST,41,71,56,62
165889,LS,64,70,68,69
169498,ST,65,68,54,65
173667,ST,78,69,64,67
179947,RS,60,70,62,63
181281,ST,50,71,53,58
182864,ST,53,68,62,67
183831,RS,67,68,54,59
184341,ST,52,70,54,63
188128,ST,53,67,56,68
189209,LS,83,60,67,75
189447,ST,69,67,56,64
189713,LW,45,70,63,67
192285,RS,70,66,66,72
194018,LS,67,67,52,63
197971,ST,74,70,61,71
199750,RW,80,63,64,73
200489,ST,64,67,62,64
200845,ST,68,67,56,61
203672,RW,92,67,66,73
206062,RW,76,62,59,75
206630,ST,91,67,55,67
212819,LS,95,64,60,67
214753,LW,79,60,61,71
214862,LW,74,71,48,60
214922,ST,91,64,55,72
215083,ST,76,67,62,73
215332,RW,81,67,67,67
221774,LS,63,67,52,62
223551,RS,70,67,54,65
224385,RS,70,64,66,70
230300,RS,81,61,60,74
238977,ST,51,71,45,55
239121,LS,54,69,50,61
243851,LS,82,74,58,72
251930,LW,83,63,64,71
242162,RW,81,61,60,71
240475,RS,67,67,59,62
241508,CF,80,59,67,73
231353,LW,78,65,53,70
212228,LS,74,64,53,67
239378,ST,58,72,51,58
239907,ST,78,67,58,67
213905,ST,63,68,53,64
228378,RS,77,66,57,68
234826,ST,63,68,49,62
244205,RS,71,67,61,72
227159,ST,73,68,50,65
229188,ST,67,69,58,65
237502,LW,81,57,65,74
205887,ST,69,68,54,65
224438,ST,69,66,56,65
239432,ST,73,70,53,64
241301,RS,73,66,60,69
244464,RS,79,65,59,72
222262,ST,71,70,52,63
222597,LW,91,58,54,76
225562,RW,69,60,64,71
231394,LW,84,64,59,72
239446,LW,74,64,65,71
241874,ST,71,68,52,63
248061,RW,94,62,58,69
219558,RW,87,60,64,69
251399,LW,74,71,49,66
201888,ST,82,66,59,68
210011,LW,89,62,57,72
216078,ST,63,66,51,65
216568,ST,65,69,56,63
222565,LS,85,65,63,70
241750,CF,69,63,65,70
202043,RS,71,65,53,66
208158,ST,75,70,63,65
221605,ST,70,63,53,62
223104,LS,74,69,53,64
232900,LS,82,66,43,68
197170,LW,83,56,59,74
198011,ST,56,68,40,59
198731,RW,83,61,61,70
200954,ST,70,66,57,67
212075,RW,78,66,62,68
216688,ST,59,68,52,60
238938,ST,73,66,45,64
136363,ST,59,68,58,61
141111,LS,69,71,58,68
159581,RS,65,67,58,63
162056,RS,49,66,56,62
166114,RS,60,69,66,63
190747,ST,64,66,54,64
190852,RS,74,63,61,74
191083,ST,53,67,50,61
192840,RS,50,66,53,55
193701,RS,70,67,55,65
195286,RW,73,63,62,69
198171,RF,76,64,64,72
198394,RW,69,61,69,69
199510,ST,42,69,52,55
201346,ST,68,68,52,66
202041,RW,79,64,60,73
203327,ST,39,70,57,59
203699,ST,68,66,60,65
203756,ST,45,66,50,49
203803,ST,83,65,57,64
207898,ST,73,65,50,65
210031,ST,61,67,53,64
214615,ST,67,67,55,67
216377,RS,53,71,44,52
223730,ST,66,68,51,64
225606,RS,71,67,63,72
227866,RS,67,68,61,64
228861,ST,74,67,49,63
230287,LS,69,72,54,65
230991,LS,87,66,62,71
232380,RF,72,69,64,67
232462,CF,69,65,66,69
235091,ST,75,65,53,68
236191,ST,74,65,55,68
240133,LS,52,66,51,58
244213,RS,74,63,64,68
250807,LS,76,62,57,68
251756,LS,71,64,61,69
224021,RF,78,60,61,70
223979,LF,77,64,60,74
239307,RW,78,57,64,70
240922,ST,68,66,51,65
246732,ST,80,65,54,69
215195,RS,82,65,62,68
229536,LS,78,66,59,68
237321,ST,71,64,54,66
233808,RS,69,63,56,62
213089,LW,86,65,56,69
229883,ST,78,64,56,67
214318,LW,72,66,65,69
215443,ST,85,58,62,71
216265,RS,66,63,50,69
221197,LW,86,60,60,67
225955,RS,58,67,50,64
226787,LS,78,60,63,70
228017,LS,64,65,60,63
239669,RW,78,67,61,69
244112,RS,86,64,49,73
212158,ST,85,64,49,64
213301,RF,79,59,60,72
237453,ST,81,63,47,60
201978,LS,61,63,53,62
206053,LF,86,63,59,71
198175,LS,71,65,61,66
229625,LS,71,61,52,62
234463,LW,80,63,61,73
200779,ST,77,70,45,62
206606,RS,55,65,50,57
212156,RW,78,66,59,67
213993,ST,57,67,55,63
218651,LS,75,61,50,66
190583,ST,64,64,53,60
193422,ST,71,67,54,65
210488,LW,63,67,68,70
217758,LS,78,65,55,65
230982,ST,69,67,47,64
118646,ST,61,68,63,70
146121,ST,65,66,56,63
155964,RS,63,65,63,67
158370,ST,44,69,56,56
163396,LS,73,66,53,64
170309,ST,57,66,51,59
176907,ST,41,62,69,69
182883,RS,82,64,56,66
184878,ST,81,65,51,67
189054,LS,46,68,61,63
193482,RW,71,68,63,72
194349,RW,76,65,58,69
194717,RW,72,67,67,66
199053,LS,73,65,46,64
199572,RW,63,66,68,67
200235,ST,46,69,44,51
200895,LW,67,66,66,67
203309,RW,85,60,58,68
207741,ST,73,63,50,67
211870,RW,77,67,64,70
213338,RW,80,59,65,70
213878,LS,78,66,57,70
214837,LS,41,69,43,56
217021,ST,65,64,44,61
223857,RS,89,63,56,68
224611,LW,77,64,56,66
229129,LW,72,66,63,70
231563,LW,67,67,50,68
232622,RS,42,69,48,61
239637,ST,87,65,58,67
240206,LW,81,63,60,70
241487,ST,84,64,44,62
233917,LW,89,58,58,70
240215,RF,70,59,60,73
233018,LS,79,61,59,66
252289,ST,67,66,62,71
233139,ST,66,63,57,62
251300,ST,53,64,49,60
208581,RW,78,61,60,71
222878,ST,84,65,56,68
228886,LS,80,64,58,65
220669,LS,84,64,53,67
233809,ST,64,66,55,63
234202,RW,87,50,56,75
242158,RW,76,65,59,70
236474,RW,85,62,57,68
243456,ST,76,63,51,66
209264,ST,77,64,56,70
222215,LW,85,63,65,67
204849,ST,72,63,58,65
206469,RS,84,62,63,71
215817,ST,50,69,57,62
224121,RS,77,64,57,63
224324,ST,74,64,48,60
225654,ST,66,60,57,70
238642,LS,68,64,48,64
235135,RS,73,61,62,64
206492,ST,71,66,58,65
220943,RW,79,65,47,62
221574,ST,86,64,50,70
251250,RS,82,63,52,72
208989,LW,81,64,45,65
201380,LS,77,63,59,67
205214,LW,75,64,63,68
205876,ST,77,66,54,65
209162,ST,70,62,43,62
221657,ST,81,63,51,64
229392,LS,77,64,52,64
232320,LW,64,49,66,69
235867,LS,71,65,47,56
104702,RS,63,64,66,67
152038,LW,71,63,63,67
171083,ST,74,66,52,65
172555,LS,67,67,57,64
172823,LS,70,66,59,65
176941,RS,61,65,53,64
179742,RS,64,67,44,58
179971,RS,78,64,46,63
181307,RS,50,64,58,59
181558,ST,74,63,55,65
187157,ST,64,65,42,64
188031,RW,74,62,63,69
192365,LW,77,55,58,75
202000,RS,73,63,44,61
202182,RW,79,63,62,68
213189,ST,63,66,54,62
213778,ST,76,65,56,61
214411,RW,76,60,65,67
214818,LS,62,64,49,60
222216,ST,66,67,55,59
224248,ST,80,65,47,58
227675,RW,87,55,61,69
230509,LS,86,64,45,68
243617,ST,69,65,56,61
238743,RW,72,63,48,60
235980,RW,78,61,56,67
229725,RW,77,61,61,67
245228,LW,76,62,49,64
238194,ST,73,63,58,67
242163,RW,73,64,59,68
241573,ST,80,66,41,64
244400,ST,55,63,42,58
244419,RW,77,43,58,67
235989,RW,66,66,48,65
223097,LW,73,56,62,69
225075,RS,70,63,51,65
235295,RS,66,64,42,63
240452,RW,74,63,56,64
246771,RW,69,63,66,65
216322,LW,81,62,54,65
239944,RS,79,64,60,65
241191,ST,70,64,49,64
245550,ST,60,67,47,59
247935,LS,77,66,49,60
251412,LS,77,65,53,72
206430,RS,68,63,48,64
211214,RS,73,56,59,73
220881,ST,65,63,55,65
225735,RS,68,62,52,62
239611,RS,76,63,50,64
230623,RS,40,61,48,59
239211,RS,61,64,39,58
244040,CF,66,65,38,59
246939,RF,66,52,59,64
216227,LS,91,60,45,62
216823,ST,51,62,50,56
233463,RS,73,64,51,61
234489,ST,70,63,56,67
235252,ST,69,61,38,55
239654,LS,73,66,46,59
248775,LS,70,63,41,66
211463,RS,75,65,56,66
227561,ST,67,65,48,60
243968,LF,70,67,59,70
204492,ST,68,61,58,65
213110,RS,72,62,49,62
231502,LW,78,64,54,68
238686,RS,77,62,58,64
251408,ST,62,64,54,61
53655,ST,32,66,61,59
105827,ST,34,66,60,62
122066,LS,30,68,48,46
144050,ST,54,64,56,66
152603,ST,55,64,54,60
156321,ST,43,63,54,56
157482,ST,64,64,59,64
163342,ST,58,66,58,63
163351,LS,64,63,56,63
182427,ST,51,61,50,59
183712,ST,48,67,45,49
185438,LW,81,58,63,68
190457,RW,79,60,61,63
190665,ST,71,62,43,61
192473,ST,59,65,57,60
193187,LW,81,56,57,68
199118,RS,71,61,48,58
200912,LW,77,59,61,66
201891,ST,75,66,55,65
202033,RW,75,60,61,66
202893,LS,83,63,53,66
203347,LW,73,58,65,65
203877,RW,92,58,53,67
207428,ST,69,62,39,64
207538,ST,79,62,52,67
210240,ST,90,56,57,67
210444,RS,68,64,55,58
211732,ST,79,61,52,63
211935,LF,82,61,57,63
213377,ST,77,62,43,63
229072,ST,74,62,39,63
232177,LW,75,60,57,65
232379,LS,55,67,57,64
236213,RS,75,63,51,61
251871,ST,60,65,50,61
245870,LW,79,57,56,69
241628,LW,74,58,60,66
232064,LW,54,67,40,55
234671,ST,64,63,50,64
244684,LS,65,65,56,61
246431,LW,73,60,55,68
235841,RW,77,59,60,70
233178,LW,80,58,53,72
242815,RS,70,60,60,66
226710,LS,51,65,49,63
230897,ST,85,61,47,63
241474,LW,73,56,57,70
251079,LF,76,57,60,64
247872,RS,73,62,57,62
232898,LF,71,51,60,68
212484,RW,92,59,55,63
224505,LS,62,61,50,62
244022,ST,69,65,48,59
240260,LW,73,61,53,64
241540,RW,80,53,60,66
251481,ST,81,60,43,64
221355,RW,86,60,55,67
232963,LS,93,57,53,70
208009,RW,76,64,57,67
212790,RS,78,60,52,67
235313,LW,76,57,61,70
203500,RS,79,62,53,64
219768,ST,70,63,44,57
190518,ST,81,61,53,65
190981,LS,78,59,52,63
197774,ST,73,66,60,66
203416,ST,61,66,47,58
211095,RS,62,62,47,58
219550,ST,62,61,44,59
232680,LW,76,58,59,68
234619,RS,67,61,45,56
164339,ST,58,63,55,56
177414,ST,44,65,53,53
183945,RW,87,59,55,61
188575,RS,72,62,56,70
190556,RW,89,61,54,64
192688,ST,30,65,50,53
193552,RS,71,64,52,65
197945,LS,68,61,47,60
199289,LS,68,63,58,67
201921,RS,73,64,50,63
202482,RW,71,58,60,65
204528,ST,50,63,56,63
212910,RS,67,64,44,58
215982,LS,69,65,51,60
216979,ST,58,64,48,56
230290,RS,52,64,44,57
230515,LS,77,63,63,76
232729,RS,59,66,47,60
252159,ST,69,64,38,64
242914,LW,76,54,53,71
247213,ST,72,56,58,64
237712,ST,72,61,58,65
251877,LW,80,60,56,65
235736,ST,76,65,41,62
248138,RS,69,65,47,60
223933,ST,55,62,47,58
224887,LS,82,64,43,59
241075,RW,84,60,55,67
242101,LS,68,64,58,62
244387,LW,63,55,65,69
247450,RW,69,57,63,62
220682,RF,77,59,48,72
244319,LS,71,61,50,55
212994,LS,74,64,48,63
252397,RW,73,62,51,69
223670,LS,76,58,53,64
226507,ST,68,63,44,63
227579,ST,60,63,50,57
247035,ST,62,62,57,59
213553,ST,87,60,49,63
213871,LS,79,59,46,64
231836,LW,79,61,50,74
232589,LF,77,53,66,67
238238,RS,83,62,45,66
209961,RS,57,61,52,56
219672,ST,67,57,47,58
243982,ST,59,60,45,57
202932,RS,62,62,47,62
204915,RS,70,63,51,62
236342,LW,91,57,51,65
158453,LW,68,51,61,63
169907,ST,78,61,44,66
177597,RS,53,62,56,60
183807,LS,65,64,48,59
184467,LS,67,61,57,66
193613,ST,30,63,40,52
194714,ST,44,64,47,55
201591,LW,72,54,60,64
238210,RW,69,63,55,62
239208,LS,77,61,41,63
242018,LW,73,58,58,64
242599,LS,80,40,55,61
240925,LW,75,59,51,66
226549,ST,68,60,46,66
238756,LS,59,59,43,61
245212,LS,45,61,50,54
234241,LW,74,58,56,62
239646,LS,86,60,41,61
241890,ST,75,53,55,63
231616,RS,67,60,42,58
238493,RW,70,57,63,57
231607,RW,81,59,55,63
244233,LS,53,59,43,54
204282,ST,76,58,43,60
222049,RS,60,60,41,55
210244,LS,81,60,55,60
230109,RS,76,62,50,64
236025,ST,63,60,47,60
233581,RS,75,60,60,65
241475,LW,74,62,56,62
242291,LS,78,60,42,50
213120,RS,70,61,48,63
230830,LS,49,59,47,59
203517,LS,53,63,47,61
10899,ST,49,62,51,56
159578,RS,59,58,47,59
183025,RS,70,59,45,55
184714,RW,80,60,51,60
198543,ST,82,57,57,61
199908,ST,72,53,56,64
224874,LW,74,61,55,66
239159,LW,78,59,48,63
247942,ST,64,62,45,59
251089,RF,77,61,59,62
236413,ST,81,58,41,60
227807,LS,73,59,40,62
244539,RF,67,52,53,70
248351,RW,89,50,54,65
243360,LS,72,62,51,62
243445,LS,67,59,40,63
247187,LS,73,56,41,65
236216,LW,83,54,50,66
248119,ST,73,59,40,58
238055,RW,78,56,57,63
227895,RW,77,54,55,60
229375,LS,74,57,48,58
245653,LS,67,61,43,59
246737,LW,78,58,57,64
237027,RS,77,58,49,62
237140,RW,72,55,57,66
224854,LS,52,59,46,52
229627,RW,81,49,46,69
243623,ST,81,57,45,59
212683,RS,63,57,41,53
245553,ST,73,57,37,52
252464,LS,81,57,44,58
245264,LW,70,59,45,56
251913,RW,76,51,55,60
245234,LS,57,58,52,58
226563,RW,76,58,48,60
240533,LS,70,58,48,64
247344,ST,77,59,45,63
251762,RW,68,64,53,62
225509,ST,79,58,42,60
233289,ST,70,58,40,59
247569,RS,74,60,55,59
251779,ST,65,58,40,55
244286,RS,75,55,54,64
215088,LS,72,56,43,56
225245,ST,72,56,51,61
240068,LW,78,52,53,63
247578,LS,73,59,56,63
221692,ST,71,58,46,56
211143,LS,56,57,46,55
216441,ST,60,60,44,49
232500,RS,73,58,47,63
227630,LW,72,48,54,63
251551,RS,85,59,46,62
233835,ST,76,55,42,63
245611,ST,71,58,45,54
227870,LW,66,56,53,62
233491,LS,47,55,45,52
238303,ST,72,55,43,61
215204,LW,73,56,43,60
252434,ST,80,57,41,57
220306,ST,75,56,47,53
212450,LS,78,53,57,60
201419,ST,57,56,47,50
219737,LW,81,54,49,63
19521,RS,62,54,50,56
247177,LW,86,54,49,53
245387,LS,84,53,49,61
242090,RW,66,52,54,59
228402,RS,72,56,48,62
242272,LS,70,56,38,54
219660,ST,70,56,46,59
246954,LW,63,56,45,56
225367,ST,65,55,46,54
222906,ST,85,54,43,58
227548,RW,54,61,50,60
241245,LS,60,56,38,49
226714,LW,76,54,44,59
245400,RW,68,53,49,55
251585,ST,61,55,38,52
22391,RW,46,58,55,61
246998,ST,67,53,44,57
247279,ST,55,54,36,50
245983,LW,75,54,44,54
226596,RS,61,52,40,53
229398,LW,71,51,48,59
226296,RW,52,52,40,51
252401,ST,65,46,37,54
242011,ST,51,51,38,46
