id,position,pace,passing,dribbling,physical
190871,CAM,91,87,95,58
192985,RCM,76,92,86,78
177003,RCM,74,89,89,66
215914,RCM,78,77,81,83
189511,CDM,42,80,80,80
195864,LDM,74,86,85,86
168542,LCM,65,88,89,57
182521,LCM,45,90,81,69
188350,CAM,85,84,87,66
200145,CDM,62,75,72,89
135507,CDM,66,79,78,79
189509,CDM,69,85,90,63
199556,RCM,65,84,90,66
168651,RCM,62,86,81,70
180206,CDM,68,87,85,67
189242,LCM,79,84,90,64
189513,RCM,41,88,79,69
228702,LCM,79,84,87,76
223848,RDM,67,80,83,84
208421,LCM,70,79,81,78
209499,CDM,68,78,77,83
212198,RCM,77,87,85,74
143076,CAM,89,81,86,55
177413,LDM,73,80,79,81
199914,RCM,75,78,84,84
211117,CAM,72,79,82,79
198706,CM,71,84,85,59
162347,LCM,56,85,82,67
171877,CAM,69,83,83,69
176266,LDM,62,76,78,73
176635,CAM,70,86,84,56
181291,LCM,77,78,84,78
187961,LCM,72,77,80,85
190286,RCM,78,83,81,66
226271,LCM,65,78,83,69
219683,RCM,69,79,78,79
210008,LCM,73,79,80,80
207566,CDM,42,77,74,85
188152,RCM,74,83,81,50
205498,CDM,55,84,81,73
178518,CAM,72,78,83,82
178562,RCM,61,84,82,70
183574,CAM,66,83,83,70
183711,RCM,64,83,77,80
184484,CAM,56,84,80,69
190584,RCM,54,80,79,71
190815,LDM,54,80,77,74
195365,CM,76,80,86,62
199042,LCM,63,82,81,73
200888,LCM,65,72,74,85
223959,RDM,75,77,80,75
224293,CM,62,83,76,73
225953,CAM,89,76,85,73
209989,RCM,73,77,77,84
208448,LCM,70,81,83,62
53302,LCM,59,73,69,77
146562,CAM,56,85,83,58
158963,CM,55,81,81,68
184942,CAM,81,79,83,75
188803,LAM,92,75,86,69
191740,LCM,70,78,80,77
207494,CAM,80,76,83,72
230258,RDM,81,74,77,74
234906,LCM,79,79,83,67
235569,LDM,80,78,87,78
221363,CAM,71,77,79,79
208333,RCM,70,77,79,84
236632,LAM,87,73,87,65
199503,LDM,51,81,71,78
204923,RCM,74,76,80,77
208135,RDM,69,73,77,82
226790,CDM,71,67,74,82
213874,RCM,78,78,79,74
216352,CDM,64,79,80,73
190544,CAM,78,80,84,61
206304,RCM,55,76,67,84
162240,CM,73,77,87,80
162895,LCM,53,87,77,56
169195,LAM,67,79,79,72
171897,LCM,68,81,82,68
177600,LCM,49,84,74,71
184134,CDM,61,71,70,82
184144,CAM,78,80,82,58
185221,CDM,58,69,69,82
207471,LCM,56,80,81,72
216194,RCM,42,73,75,79
224232,RCM,76,78,80,69
216393,RCM,63,82,78,67
222400,RDM,70,77,83,66
226168,RCM,73,75,78,78
202648,LCM,45,79,80,67
211575,LDM,65,78,80,80
222028,RDM,61,75,76,66
223874,LCM,64,76,80,62
199823,CDM,61,81,77,72
200155,CAM,48,81,77,73
208141,RCM,63,77,79,83
203483,LCM,65,74,75,75
206545,LDM,60,78,77,66
142754,CDM,66,72,68,75
171579,CAM,47,80,77,81
176930,CDM,59,81,75,75
177326,CAM,77,80,82,48
178213,LDM,52,74,73,77
187052,LDM,70,75,74,78
189271,LCM,70,75,78,77
193738,LCM,73,78,83,71
203895,CAM,66,78,83,60
206413,RDM,67,72,69,80
215057,RCM,55,73,78,83
230234,CDM,68,74,76,77
233927,CAM,76,75,81,77
225193,LCM,69,77,80,74
228092,LCM,74,74,74,85
228251,RDM,74,79,76,69
244260,LCM,80,76,82,61
213160,RDM,76,75,80,73
230938,RCM,72,72,77,88
235945,RCM,61,77,73,68
216435,RDM,64,76,78,66
225663,RCM,81,75,82,67
236792,LDM,70,72,72,82
205569,RCM,60,85,77,64
214947,RDM,80,73,74,83
210896,LCM,75,78,77,75
213991,LCM,73,72,73,80
228336,LCM,64,77,77,66
206511,LCM,65,76,77,69
205407,RCM,71,79,81,68
172114,CAM,58,78,79,66
176915,LDM,68,76,78,74
178415,RCM,60,79,70,79
189358,CAM,62,75,84,45
189461,LCM,64,80,81,66
196432,RDM,67,76,75,78
201144,CDM,54,76,73,71
204277,RCM,71,74,77,77
208230,LCM,57,70,70,84
222709,RDM,70,73,76,77
229788,LCM,64,79,71,82
230251,RDM,71,70,72,83
234378,CDM,62,64,68,77
234943,CAM,70,75,79,67
235926,CAM,87,74,83,62
229261,RCM,82,75,76,82
222665,CAM,74,82,85,49
212501,RCM,67,77,71,83
237239,LCM,72,78,80,56
239433,RDM,62,74,71,74
212616,LCM,75,78,82,63
213629,LCM,64,75,74,78
214092,CAM,74,78,79,62
219792,CM,64,73,77,73
227234,CDM,62,66,64,83
231887,CAM,75,78,81,74
199439,CAM,64,74,74,71
225126,RDM,66,72,74,74
201519,LDM,63,78,77,69
205391,LCM,66,74,78,83
205402,CAM,85,74,81,64
226377,CAM,88,71,83,62
208620,LDM,63,72,76,76
198031,RCM,58,79,76,66
202024,RCM,66,75,75,69
209288,CAM,76,78,79,59
212096,CAM,70,76,82,62
143121,RCM,69,81,80,65
165239,RCM,72,76,80,51
170370,LCM,72,78,78,70
170797,CDM,31,81,77,67
172287,LCM,44,73,71,77
184120,RDM,31,77,70,62
187924,LCM,54,80,76,69
188041,LDM,72,75,75,72
188044,CAM,83,68,82,71
188388,CAM,71,79,79,59
189251,RCM,64,79,78,67
189423,CDM,68,70,72,84
189606,RCM,68,69,68,81
190674,RDM,70,75,75,82
193361,CAM,71,77,79,68
193532,RDM,68,65,69,84
193886,CAM,67,76,79,70
195202,RCM,63,77,79,64
197225,CAM,68,79,79,70
197242,RDM,65,71,68,80
198200,RDM,63,67,70,76
207939,RDM,50,71,68,84
208461,LCM,65,72,73,79
213353,RCM,75,77,81,67
230269,RCM,80,76,77,59
230431,CDM,72,74,69,81
231521,LDM,77,73,77,74
232099,RCM,62,72,78,77
206517,LCM,75,74,80,59
238359,LCM,78,74,79,71
230965,RCM,77,68,76,83
236791,CDM,64,76,76,71
237238,RDM,61,72,72,80
222148,CAM,69,73,80,62
224030,RCM,72,78,79,58
235134,RCM,71,68,72,80
211354,RCM,64,75,77,74
212886,CDM,76,76,78,78
213648,LCM,61,74,75,79
214988,LCM,76,76,77,69
219391,LDM,68,70,69,76
229857,LCM,59,79,76,66
232665,LDM,37,70,71,70
235813,RDM,69,78,75,70
204612,RCM,66,75,73,72
210761,CM,82,74,78,74
214097,RCM,69,78,77,70
225659,RDM,50,66,63,79
230020,RCM,73,77,77,73
189165,LCM,62,79,72,74
193158,LCM,62,73,75,75
137351,LDM,43,77,75,69
158438,RCM,57,68,66,80
172143,CDM,48,81,76,62
173474,RCM,71,78,81,73
175895,RCM,56,76,74,79
178007,LCM,49,82,75,65
185174,LDM,70,75,78,66
186935,CDM,62,74,73,77
189280,RCM,60,79,74,76
189410,LCM,66,75,74,76
190875,RCM,60,72,74,88
195096,RCM,58,73,71,81
197813,CM,62,77,75,73
198368,RCM,49,72,74,71
199626,RCM,69,76,78,68
201046,LCM,68,77,80,61
206655,CAM,80,70,80,67
207894,CDM,53,66,58,77
215079,RCM,63,77,74,80
230463,CAM,80,77,77,63
225439,RCM,58,73,75,73
238744,CAM,68,69,74,83
235173,RCM,68,72,72,80
222077,LCM,60,74,74,70
233195,RCM,78,71,77,74
234725,CDM,68,68,73,86
206115,CM,58,64,68,76
211408,RCM,69,71,75,70
231102,CAM,78,75,79,64
232244,RCM,70,61,66,76
225403,RDM,77,76,78,67
229034,LDM,75,73,75,70
207734,LCM,70,73,77,46
210423,CAM,72,75,75,60
214989,LCM,77,70,79,59
200223,CDM,70,77,77,55
211999,RDM,56,61,61,77
212212,LCM,68,63,71,79
222715,LCM,66,64,70,75
199576,CM,45,63,62,77
208787,RCM,73,75,76,63
211093,LDM,78,73,78,76
192342,CAM,56,78,76,79
200773,CDM,67,60,66,83
202934,LCM,80,71,76,72
203128,RDM,64,72,69,77
209236,RDM,67,72,69,78
232883,LDM,68,75,76,64
138699,RDM,57,76,76,66
142966,LCM,61,80,77,60
147006,CAM,63,72,80,58
152879,RCM,41,76,73,70
155887,RDM,58,75,72,76
158138,LCM,65,75,76,63
162280,LCM,73,73,77,73
162329,CM,62,71,73,77
163699,CAM,74,75,79,72
163925,CAM,64,78,79,60
167669,CAM,56,78,74,61
169706,LCM,47,73,71,80
170369,CAM,84,73,79,51
171972,LCM,60,72,73,75
176894,CAM,70,75,78,60
176944,LDM,42,70,69,88
178160,LCM,55,76,71,73
181318,CM,49,75,73,73
182184,RCM,57,74,69,78
183895,LCM,73,74,77,50
187702,RDM,74,76,76,71
190156,CM,40,69,65,74
190607,CAM,86,70,81,65
198129,LDM,67,66,73,77
199422,CDM,63,77,74,69
201262,LCM,65,74,76,60
206411,CAM,63,74,70,77
214968,LCM,75,77,74,71
230250,RDM,74,69,70,78
230453,RDM,65,63,61,83
241096,CDM,78,75,75,76
237819,LCM,79,70,74,78
233064,LCM,71,74,76,53
226592,LCM,77,73,76,64
235997,LDM,68,72,75,65
226376,CAM,82,72,77,62
229435,LCM,73,70,72,69
235663,CAM,71,71,71,73
244271,LCM,70,60,64,79
224081,CDM,67,69,68,83
227508,RCM,61,71,70,71
229723,LCM,72,73,75,70
230988,CAM,67,73,77,62
239641,LCM,67,64,68,83
242201,RCM,71,72,72,72
203393,LDM,66,71,73,77
203903,LCM,81,70,78,58
210881,RCM,73,71,76,78
213689,RDM,70,63,71,85
213899,LDM,71,60,66,85
220854,LCM,75,74,74,66
223517,LCM,67,71,72,75
230936,LDM,70,76,80,61
240190,CDM,75,71,71,81
204346,CAM,75,74,77,52
213884,CAM,77,70,76,77
236311,LCM,74,77,75,67
240316,RCM,66,69,71,76
191627,LCM,67,73,70,74
198658,RCM,73,73,74,76
199158,RDM,64,68,68,78
208053,CAM,80,74,76,49
210450,RCM,47,61,63,80
215193,LCM,78,72,76,69
217605,RCM,61,69,69,74
244373,LDM,71,70,76,49
195038,LAM,80,70,80,57
201303,RCM,84,71,80,72
201858,LAM,78,72,79,59
205895,RCM,74,70,73,76
210930,LCM,65,75,77,55
211269,CAM,72,74,76,70
220948,RDM,66,66,68,72
236221,RDM,52,71,71,73
112365,RCM,50,76,72,71
134820,RDM,63,65,70,81
153048,CAM,65,77,74,51
157492,CAM,59,76,76,62
158144,LCM,46,80,71,60
159175,RDM,53,65,69,79
161805,RDM,62,71,71,74
162221,LDM,55,65,67,82
164878,CAM,69,73,76,53
167431,LCM,56,77,76,62
167665,CDM,51,67,69,71
168621,LCM,75,71,74,78
171018,CDM,45,72,70,77
172113,CDM,52,65,65,76
181402,CDM,65,67,71,81
183546,CDM,67,65,68,79
184703,LCM,64,74,77,67
184716,RCM,67,72,75,73
186143,CM,57,78,68,62
186307,CAM,63,75,78,63
187421,RDM,68,71,69,78
189207,RCM,70,75,77,60
190416,LCM,67,66,70,75
190971,LDM,62,68,73,77
192575,RCM,78,70,77,72
192841,CAM,68,73,80,61
193425,RCM,67,65,70,81
193683,LDM,67,72,71,72
193692,CAM,67,74,77,62
195088,LAM,68,73,76,67
199952,CAM,67,76,78,49
200438,CAM,91,69,77,65
202061,LCM,61,73,71,78
202078,RDM,80,70,80,70
203067,LDM,80,66,71,78
203796,LCM,66,75,76,65
206152,RCM,57,73,72,77
210538,CAM,66,80,73,71
216350,RCM,61,64,66,80
223682,LCM,61,77,71,67
224075,LDM,77,71,74,72
227772,RCM,62,75,76,81
230252,RDM,72,68,75,69
230274,CAM,76,72,76,59
230408,LAM,75,75,76,57
230457,RDM,69,66,64,78
230465,CAM,67,73,77,51
230469,CAM,70,73,75,63
230475,CAM,81,70,75,55
238067,CAM,73,68,76,76
243630,CAM,81,64,74,60
226568,CAM,81,71,76,68
226754,LCM,72,73,74,66
232639,CAM,76,71,78,56
235008,CAM,79,73,78,60
247028,RDM,75,67,74,78
228332,LCM,70,61,66,75
220714,RCM,58,72,70,73
235522,RCM,71,73,76,65
218746,LCM,73,71,77,54
222429,CDM,71,67,73,56
216464,CAM,74,68,71,83
219160,LDM,65,64,74,76
228650,CAM,75,71,81,53
229659,RCM,67,72,72,70
202331,CDM,68,73,77,75
208260,RDM,75,63,66,77
214408,RDM,68,51,60,75
220673,LCM,70,67,74,79
210831,LDM,72,71,69,74
211098,CAM,76,71,76,74
220905,RDM,72,63,71,69
238856,CDM,61,62,67,77
245261,CAM,69,71,74,61
189218,RCM,65,67,70,79
202087,CDM,40,79,64,73
211022,CAM,79,70,77,54
230850,RCM,67,71,73,70
198198,RDM,65,53,57,77
204464,LDM,64,73,72,66
210533,LCM,54,74,71,73
202828,CDM,63,75,75,69
206306,RCM,64,71,73,74
215155,RCM,70,72,75,70
3281,RCM,47,71,70,68
143587,RCM,55,76,73,64
149185,CDM,62,68,62,68
151508,CM,54,75,74,63
158810,LDM,41,72,69,70
159171,CAM,64,75,75,55
164459,RCM,55,77,68,72
172233,LCM,75,73,73,77
173030,RCM,70,72,78,74
173146,CM,57,78,73,61
176553,RCM,61,73,71,63
177390,CDM,56,75,72,70
177448,LDM,42,64,64,80
177974,RDM,32,67,64,81
178051,RDM,57,68,66,79
178253,LCM,72,77,73,66
178616,LCM,65,72,75,73
183346,RDM,65,75,71,73
183540,LCM,64,76,75,53
184417,LCM,69,74,72,76
184469,CDM,59,72,70,72
184606,CDM,67,69,64,73
186682,LDM,42,69,67,69
188931,RDM,44,63,62,79
189600,CAM,63,76,73,66
190535,RCM,49,78,73,55
190536,LCM,63,73,74,72
191173,RCM,65,71,71,73
192371,RDM,66,67,70,76
193337,RCM,76,71,78,71
193849,CDM,65,75,69,74
197402,LDM,67,64,66,79
198817,LCM,60,70,72,59
199562,CDM,55,67,71,76
199792,RCM,74,70,75,71
200206,LDM,75,73,78,59
201313,CAM,80,73,77,62
202746,RCM,80,69,78,57
203979,RDM,64,62,66,80
204387,LCM,67,72,73,58
204542,LDM,65,76,74,71
206154,CAM,68,73,71,74
213480,CM,74,64,77,75
214497,CAM,68,77,71,74
214973,CAM,77,73,77,50
215089,CDM,65,71,70,82
230237,RDM,64,72,63,77
230239,RDM,73,74,72,75
230255,CDM,74,71,71,73
230417,RDM,75,65,67,70
230423,RCM,59,68,70,76
230466,CAM,51,75,74,52
230482,CAM,79,71,77,45
230487,LAM,72,73,75,66
230488,CAM,69,72,73,70
225614,RCM,75,72,76,51
239335,LCM,65,72,76,59
237520,LDM,67,63,70,83
240699,LAM,78,70,75,49
245275,RCM,54,74,71,65
212269,LCM,74,72,75,73
220198,CAM,76,69,75,59
222457,CAM,79,70,75,65
226370,LCM,71,73,77,66
213725,LDM,75,70,73,70
226807,RDM,69,68,71,76
228804,RDM,59,72,70,68
220782,RDM,70,69,68,75
223717,LDM,71,66,70,72
229155,LCM,73,69,71,73
210016,CAM,71,69,76,51
210313,RCM,83,68,75,64
210724,CAM,74,66,68,86
225475,CDM,67,68,71,70
199247,LDM,60,76,73,66
208250,CAM,69,74,69,70
212240,CAM,70,65,76,68
212474,RCM,70,73,75,53
220921,LDM,58,56,54,83
226747,RDM,51,60,65,84
236773,RDM,75,64,64,73
188600,CM,59,70,75,74
204193,RDM,61,66,66,74
206109,RDM,68,66,73,78
214302,RCM,70,70,72,74
221931,CDM,57,73,72,65
225926,CAM,76,69,76,62
189177,LCM,72,73,75,74
192560,RCM,78,66,76,75
197900,CAM,67,70,71,78
200683,LCM,70,73,74,62
203604,LCM,60,68,69,75
205726,LCM,72,73,73,65
205998,LDM,74,64,74,78
216020,LDM,67,77,71,74
124607,CDM,48,77,71,62
142950,RCM,53,72,70,69
146111,RCM,40,68,66,77
146460,CDM,38,67,65,72
157217,RCM,76,72,71,75
158856,CM,34,71,67,73
164477,CAM,54,71,68,79
165531,RCM,81,68,74,71
169317,LCM,82,67,77,68
172517,RCM,73,72,74,79
176071,LDM,50,67,69,74
178625,CDM,48,69,67,73
179765,RCM,75,72,76,71
181123,CAM,65,71,73,64
183520,LDM,59,75,69,73
183581,LCM,66,65,66,82
183644,LCM,65,72,72,78
183936,RDM,70,67,67,81
184133,RDM,67,71,74,76
186197,CAM,78,70,79,62
186351,RCM,68,68,72,81
187043,LCM,68,72,73,74
188992,LCM,79,70,72,71
189059,RDM,62,70,69,78
189819,CAM,82,66,77,64
192449,CAM,66,70,72,77
192955,RCM,59,72,71,71
196916,RDM,53,72,69,78
198836,RCM,59,69,71,68
199353,LDM,74,72,75,68
200962,LDM,78,71,79,56
201043,LCM,75,71,77,73
206506,CAM,68,72,74,70
211124,CAM,81,71,75,59
214609,CAM,79,71,74,57
214771,CDM,69,71,73,75
219879,CAM,78,70,78,46
225733,CAM,73,70,73,62
230259,LDM,64,65,63,75
230286,LDM,60,68,64,78
230420,CM,82,73,74,53
230435,RDM,75,66,62,67
230446,LDM,57,67,68,72
232294,CAM,58,75,71,60
239817,LDM,69,67,74,71
237161,RCM,63,68,67,60
235987,LCM,65,63,71,71
236298,CDM,63,68,71,66
238637,RDM,74,68,72,71
215556,RCM,72,67,71,72
220659,RDM,72,68,70,75
221433,LDM,67,71,72,64
233314,RCM,67,62,66,76
236998,CM,71,71,74,67
223926,LCM,71,72,76,66
225855,LCM,73,72,73,66
251221,RDM,71,67,70,71
212118,LDM,60,73,71,62
217287,LDM,54,72,67,70
218359,RCM,69,63,71,76
220075,RDM,71,68,72,76
221944,LCM,67,72,68,68
225950,LCM,79,71,75,62
239782,LDM,84,68,68,80
201895,RCM,75,69,76,59
211506,CAM,63,72,73,54
213613,LCM,66,71,72,72
201438,RDM,50,72,68,68
201877,RCM,78,67,80,48
203435,RDM,64,64,67,75
212424,LDM,57,70,70,64
213092,CDM,63,60,64,80
213813,RCM,68,66,72,74
214358,CAM,71,75,73,72
215076,RCM,77,69,72,72
221250,CDM,67,65,72,72
235210,CM,79,72,74,60
237153,RCM,86,64,75,57
244709,LDM,57,65,60,74
205343,LCM,80,70,71,71
208160,CAM,71,71,71,64
213937,CAM,63,77,73,58
216289,CAM,72,74,76,63
192495,LDM,71,70,73,67
193910,LCM,65,71,72,66
201368,LDM,74,68,73,70
203782,CDM,78,70,79,63
206577,LCM,62,75,67,65
209485,RCM,70,71,73,72
213030,CDM,57,66,72,67
214671,LCM,87,67,75,55
54033,RDM,40,75,63,69
137460,CAM,69,73,76,46
140196,CDM,31,77,68,67
142499,CDM,59,72,67,72
159043,CAM,77,66,76,49
167599,CM,47,76,67,62
172882,RCM,70,70,71,63
173370,RCM,56,72,74,67
177782,LDM,41,72,67,71
180754,CAM,39,78,72,62
182343,RDM,71,73,71,70
183287,LCM,43,68,68,73
184220,RCM,69,72,70,71
185260,CAM,64,69,71,75
186385,CDM,60,70,67,70
188000,RDM,67,69,64,81
188157,RCM,38,68,64,81
188499,CM,62,72,66,75
190084,CM,49,73,64,77
190424,CM,49,69,74,58
190593,RCM,72,71,74,70
190671,RDM,62,72,70,77
191269,LDM,68,74,73,68
193420,RDM,64,67,70,71
193495,RDM,55,73,71,67
193884,LCM,70,71,70,72
199183,LCM,77,70,72,69
199288,RDM,54,64,72,75
199897,LDM,53,65,66,71
200521,CAM,77,67,76,54
201220,RCM,69,71,74,66
202107,RDM,67,69,70,76
202986,CDM,59,73,68,71
207553,RCM,72,66,71,80
207733,LCM,67,71,72,70
210374,RCM,69,68,68,77
214327,LAM,87,64,74,46
214717,CDM,67,66,71,76
215391,RDM,37,56,55,84
218623,RDM,69,63,69,84
219181,LDM,63,69,73,75
221820,LDM,69,72,73,60
222553,RCM,54,60,60,81
224507,CAM,82,68,72,66
227530,LDM,65,60,62,81
230281,CAM,66,70,73,55
230421,LDM,65,68,56,71
230424,LCM,62,63,63,76
230434,LDM,66,69,67,63
230441,LDM,68,62,67,78
230448,LDM,73,71,71,66
230452,RDM,72,66,61,77
230484,LCM,63,74,75,58
233075,RDM,43,58,52,89
234966,CAM,61,70,70,59
241166,LDM,57,75,70,62
247185,CDM,68,70,68,69
231089,LCM,51,64,64,82
243245,CAM,73,70,71,60
225502,RCM,84,57,64,82
234505,CAM,70,67,75,60
222573,RCM,86,69,75,81
226677,RCM,69,70,75,73
228675,LDM,67,62,62,67
223978,RCM,71,71,80,51
240561,CAM,67,73,71,58
241176,LCM,82,69,79,52
244270,CDM,69,72,71,70
231227,LCM,67,66,73,67
244287,CAM,82,66,71,65
213209,RDM,77,69,72,76
223231,LCM,79,70,70,60
224796,RCM,58,45,48,74
231360,RCM,70,64,68,71
240095,RCM,70,67,66,69
211504,LDM,68,72,71,66
228179,LCM,76,70,72,66
229010,CAM,67,68,72,63
245058,CAM,73,65,73,54
205818,CDM,70,69,73,72
210688,CM,77,70,70,73
212079,RCM,72,65,68,72
212126,CAM,73,68,72,58
214226,CDM,61,66,66,75
228595,LDM,64,65,68,74
231428,LCM,73,69,71,65
233231,CAM,60,59,69,61
234122,RDM,67,64,71,73
238922,LCM,72,67,69,72
240471,LCM,74,74,75,48
202489,RCM,74,68,69,67
206538,LDM,67,61,67,72
210365,CM,55,69,68,78
224444,RCM,64,67,71,71
241994,LAM,80,55,70,50
247235,LCM,72,68,71,71
205157,RCM,64,67,70,64
212249,LCM,65,73,72,57
214366,RDM,66,66,65,68
226273,RDM,70,71,70,74
248098,RDM,69,61,66,71
202476,RCM,69,71,73,53
204370,RCM,68,65,68,64
223105,LCM,76,67,74,58
227789,LCM,83,64,72,68
190752,CDM,63,65,56,72
194020,LDM,64,67,69,80
202148,CDM,71,69,72,70
210303,LDM,65,64,63,77
215358,RCM,81,66,69,76
216706,CAM,70,68,66,76
221875,RCM,56,68,64,68
227230,LCM,70,69,74,54
235226,LCM,62,67,72,74
135190,CAM,53,73,70,63
145996,LDM,55,64,60,78
146487,RCM,63,74,71,63
161636,CAM,32,73,65,70
162926,LDM,53,74,67,62
163186,LDM,57,67,67,75
165449,CDM,55,64,61,79
172786,CAM,67,68,70,65
173147,LCM,63,69,68,74
176062,CAM,54,75,68,70
180250,CM,73,67,70,77
181371,LDM,60,68,73,76
181681,LDM,58,71,66,76
184154,CAM,74,68,71,70
184337,RCM,75,68,70,73
186672,LDM,58,66,66,76
186887,LAM,66,72,70,77
188791,CAM,57,73,71,63
190499,CAM,81,71,75,60
190528,CDM,62,68,70,76
192329,LDM,65,57,62,87
192370,LCM,72,69,73,56
192636,RDM,65,72,71,69
192732,LDM,68,71,72,65
193461,CAM,90,66,73,56
193847,CDM,54,65,51,87
196151,LDM,62,76,72,64
198611,CAM,70,61,67,75
198914,CAM,71,71,70,75
199829,CDM,53,72,64,77
204280,CAM,68,63,68,75
204450,RCM,75,64,64,82
204688,LCM,68,70,66,81
205410,RCM,54,69,71,80
205598,LDM,64,71,71,73
205983,CDM,65,70,69,81
206042,CM,76,66,71,68
208835,LCM,80,69,72,69
211265,LCM,60,69,71,71
212226,LDM,75,70,69,80
213113,RCM,70,74,76,63
218747,CAM,82,67,73,66
219751,RCM,64,66,72,67
223575,RDM,58,71,71,67
224057,CDM,53,60,61,77
224146,CAM,77,64,72,67
224336,LDM,64,65,62,77
224542,CDM,61,62,61,80
230235,LDM,66,59,65,70
230266,CAM,81,71,74,55
230522,LAM,83,72,74,42
230531,LDM,67,54,57,82
234980,LCM,70,67,70,71
235502,CAM,76,65,76,62
236164,LCM,52,74,69,67
244792,LDM,64,62,67,74
248023,CDM,64,61,63,73
240787,RCM,66,68,73,61
246791,CAM,79,63,75,45
226401,CAM,63,69,72,53
242079,LCM,67,69,68,62
244280,CDM,64,65,71,70
234795,LCM,65,65,71,71
241607,RCM,71,63,69,76
241783,CM,43,65,68,70
230686,LCM,68,71,71,65
234728,LCM,65,72,71,56
236817,CDM,72,61,66,77
244624,RDM,63,66,71,57
220175,CDM,74,65,71,78
237844,LDM,75,69,74,60
238392,CDM,68,65,70,71
242270,CAM,78,65,73,56
243001,LCM,71,71,68,81
213697,RCM,62,59,65,71
225441,CAM,74,65,75,60
233034,RCM,53,65,65,70
237257,RDM,63,68,69,66
212747,CAM,68,67,74,49
235389,RDM,77,69,73,63
243862,LDM,73,68,71,79
210401,LDM,71,68,68,71
213798,RDM,52,72,69,69
216449,CDM,60,61,66,74
237566,LCM,79,65,69,75
206463,RCM,81,67,74,65
208088,LCM,44,67,66,66
209359,LDM,65,70,68,77
214991,CM,66,65,67,71
217845,LCM,75,68,72,70
218743,LAM,76,65,71,62
221467,CAM,66,65,64,69
221890,RDM,65,64,66,73
225117,LCM,77,70,72,67
225629,RCM,65,66,68,65
229522,RCM,64,70,71,67
240982,LCM,64,69,63,72
209417,LDM,80,69,71,77
209828,RCM,69,67,74,69
211612,CAM,68,66,72,67
212321,LCM,54,63,64,74
212459,LCM,63,70,70,68
213228,RCM,70,65,71,70
218208,LCM,73,62,65,79
234033,LCM,66,70,69,64
244750,RCM,70,69,69,65
205369,LDM,60,71,70,61
206035,LCM,68,65,71,82
207887,CAM,78,67,72,73
211177,LCM,79,66,70,70
213007,CAM,88,64,75,58
215263,LCM,71,70,72,72
219216,CAM,85,65,70,66
223030,RCM,60,68,65,82
225507,LCM,78,60,64,75
239414,RCM,55,66,68,64
200671,LDM,49,64,66,72
201965,LCM,76,66,71,69
211378,CAM,67,65,68,79
216286,LCM,73,67,68,78
243956,RDM,55,64,68,73
197975,LDM,66,63,70,77
200535,LCM,68,68,69,67
200770,RCM,77,70,69,71
201917,LCM,70,62,62,85
204153,RDM,70,66,65,78
213711,RCM,71,65,69,69
232859,RDM,72,66,68,76
240057,LCM,61,67,69,72
36111,LDM,34,62,64,69
105318,RCM,59,75,73,54
149791,CAM,52,73,72,46
152536,LDM,52,65,66,80
158293,CDM,48,67,72,61
165490,RCM,66,71,70,63
168341,CM,68,66,67,76
168567,CAM,63,69,70,66
169708,CDM,61,63,63,72
173160,LCM,65,73,67,72
173245,CAM,68,68,71,66
176348,CAM,63,74,70,70
177279,LCM,68,70,68,73
177482,LDM,60,69,69,73
178120,CM,67,69,69,71
178448,RCM,64,71,67,69
180409,LDM,48,57,59,79
182689,LCM,46,64,66,75
184320,CM,71,69,68,74
186881,RCM,65,64,68,79
187042,LCM,66,67,66,79
187447,CDM,66,71,64,74
188071,LCM,77,69,70,53
188721,CAM,68,70,76,63
190076,CM,59,64,66,72
190122,RCM,58,70,67,71
190575,LCM,68,68,71,68
190640,LDM,68,60,60,82
191673,LCM,57,71,67,63
192320,RCM,54,69,65,73
193029,LCM,62,74,70,66
193909,RDM,46,62,63,76
198223,CM,70,67,72,65
198749,RCM,70,69,71,65
199286,LDM,70,66,69,69
199352,RDM,44,60,61,75
200322,RCM,58,62,67,78
201066,RCM,55,70,71,65
201085,CAM,66,68,71,58
202311,CDM,71,64,64,74
204061,RCM,88,66,76,63
205073,RDM,41,60,66,79
205555,CAM,68,71,75,62
206650,LDM,48,70,64,70
207546,RCM,86,61,72,64
208631,CAM,39,74,72,61
210168,LCM,76,69,69,73
210202,LCM,90,63,73,70
210475,CDM,64,57,61,79
212440,RCM,75,67,73,59
213170,RDM,51,65,62,80
213537,LDM,62,58,62,84
214299,CDM,74,61,64,77
214369,RCM,77,67,72,59
222987,RCM,75,65,71,72
223313,RDM,63,67,70,74
224608,LCM,55,55,64,82
228908,CAM,70,73,68,70
229276,RCM,77,69,70,69
230243,LDM,50,66,68,69
230443,LDM,63,65,62,72
230472,RCM,73,68,71,51
234017,LAM,64,70,69,61
234621,RCM,68,59,71,60
235163,CDM,65,68,68,78
240526,CAM,83,66,73,60
243989,RCM,55,60,65,79
251139,RCM,73,68,74,79
238049,CAM,74,68,68,63
242280,RDM,71,68,69,73
240241,LDM,64,66,68,69
228517,RDM,80,61,73,73
232192,RCM,53,62,63,74
237324,LCM,75,68,73,60
240201,LCM,67,70,69,66
243792,CAM,71,65,70,49
236898,LCM,69,68,69,66
239452,LCM,71,62,65,66
233484,LCM,71,62,66,75
234789,RDM,68,64,67,72
226698,CAM,72,67,71,70
228082,RCM,68,66,71,66
231044,LCM,82,67,71,66
239950,LCM,61,66,68,68
241238,RCM,70,70,70,63
245598,CDM,64,60,57,75
220529,CM,63,70,69,61
229649,LCM,70,63,72,73
230794,LDM,78,66,71,43
231524,LCM,58,72,71,66
235123,CM,55,66,66,69
237184,RCM,68,65,69,67
239894,RCM,71,67,67,68
242768,LAM,75,64,68,61
218880,LDM,39,55,54,77
223791,CAM,75,70,72,53
225071,RDM,71,65,67,74
232090,CDM,62,68,67,67
238839,LCM,68,67,70,67
251294,RCM,67,63,70,59
213702,CAM,77,64,76,55
224424,LCM,75,65,73,51
231587,CDM,66,57,69,80
232810,RDM,71,60,60,80
232882,RDM,72,71,71,75
233125,LCM,74,65,74,53
211671,CDM,60,61,57,73
213445,CAM,75,66,76,50
219594,RCM,67,67,65,67
221885,CDM,65,63,64,72
229210,RCM,57,69,68,66
237540,CAM,67,66,69,74
248112,RCM,91,62,71,57
208424,CM,72,67,68,62
213105,RDM,53,71,65,71
232406,RDM,69,53,60,80
190979,LDM,68,67,70,64
203138,CAM,60,63,66,71
203491,CAM,74,64,68,70
204289,CAM,71,56,68,59
204676,LDM,68,71,70,69
204709,CAM,66,57,69,65
209698,RCM,43,63,64,72
214413,LDM,67,63,66,67
214594,CDM,67,62,64,73
224123,LCM,64,64,69,68
225169,CAM,78,64,73,53
227602,CAM,73,67,72,65
235707,CAM,70,68,70,55
244582,LDM,68,68,73,66
248111,CDM,73,64,66,72
194669,LCM,71,70,70,66
202238,RDM,70,66,72,74
207943,RCM,57,65,69,71
208630,LDM,67,70,63,70
224395,RCM,79,70,71,62
200700,LCM,69,72,70,61
202050,RCM,71,68,68,68
202620,RDM,70,62,68,73
214459,CAM,69,71,71,35
214915,RDM,69,59,61,75
229104,LCM,50,73,68,63
242737,RCM,66,72,69,66
148403,LDM,56,64,64,71
164568,LCM,57,66,64,72
169593,RCM,63,68,69,58
172258,CDM,47,54,57,78
173470,RDM,60,69,74,52
177521,RDM,65,63,62,76
179592,LCM,59,68,71,62
181971,RCM,71,69,65,70
184944,RDM,68,60,67,65
190471,CAM,73,67,74,54
191096,RDM,54,63,67,79
192554,LDM,59,62,65,77
193092,LCM,88,64,73,45
193211,CDM,70,61,68,65
193735,LDM,54,66,69,72
193851,LDM,69,67,72,62
194063,RDM,66,70,68,70
194149,RCM,64,64,68,78
194329,RDM,69,68,66,71
194924,LDM,57,63,58,77
196991,LDM,62,63,66,71
197376,RCM,75,66,73,53
198322,LDM,47,65,70,69
199407,CDM,40,58,60,82
202465,RCM,67,66,67,69
203593,LCM,76,71,70,63
205388,RCM,72,64,69,67
205858,LCM,74,68,71,63
208311,LCM,71,66,68,72
208437,CAM,51,70,66,80
208861,LDM,64,63,71,78
210137,LDM,71,60,65,76
214315,RDM,35,60,54,70
214918,CAM,53,69,70,70
215995,CDM,58,60,61,79
217153,RCM,73,68,66,68
219912,RCM,73,55,67,55
220522,CAM,73,68,71,59
223223,RCM,60,66,61,84
223452,CAM,79,62,71,59
229600,LDM,69,66,67,68
230490,LAM,72,71,68,56
234018,LAM,68,66,68,64
234763,LDM,34,63,66,70
235164,LCM,62,70,67,67
240631,RCM,71,67,68,63
251890,RDM,75,68,68,75
234229,RDM,80,55,62,79
236248,CAM,75,59,71,52
241931,RCM,68,66,68,69
248386,CDM,62,63,62,68
238580,RDM,62,59,64,67
244393,RDM,69,68,68,65
224062,CM,63,60,65,73
234660,RDM,70,59,61,74
237152,CAM,74,63,69,62
237203,RDM,69,66,64,67
252064,CDM,64,62,64,72
239356,RDM,66,55,70,78
211595,LDM,65,64,62,67
213801,LCM,74,65,71,50
220201,CAM,63,61,72,53
225310,RDM,69,64,70,75
225847,LDM,67,67,70,64
232843,CAM,79,59,77,58
239096,CDM,50,56,61,72
199142,CDM,74,66,74,62
219452,CDM,74,60,68,75
219990,RCM,69,65,69,66
223307,LCM,75,62,66,77
224509,RCM,68,68,66,66
225381,RCM,58,68,67,62
227932,RCM,53,58,57,81
231913,RDM,74,67,67,71
236037,LCM,69,68,69,56
205044,CAM,72,65,71,55
206089,LDM,66,63,67,69
210619,CDM,68,69,68,61
213367,RCM,72,60,67,72
216467,CAM,77,62,71,46
219837,RDM,59,69,64,66
225174,LCM,56,70,67,62
225187,RCM,64,60,66,72
247696,LDM,63,58,62,74
209510,RDM,67,60,63,66
215328,CDM,70,61,63,71
222930,RCM,62,65,65,70
232358,LDM,70,57,59,70
237882,CDM,57,62,62,69
238619,LCM,65,57,48,76
247270,LCM,67,67,63,61
191192,CM,53,63,68,72
193716,LDM,54,53,58,78
203060,RDM,67,67,68,74
203069,LCM,65,67,65,71
203308,RCM,66,63,65,79
204044,CAM,72,64,69,58
205190,LCM,59,57,63,71
211037,LDM,52,59,64,72
211574,CM,47,70,70,64
212104,LDM,77,63,72,67
223793,CDM,64,64,63,73
230984,LCM,60,67,67,67
190793,LCM,68,65,68,78
203225,CDM,70,63,65,72
208592,LDM,69,62,67,69
213644,LDM,69,60,63,74
220035,CAM,81,58,70,65
248099,LDM,65,60,75,58
193564,CAM,68,68,72,68
210429,LCM,81,64,69,83
211212,CAM,66,68,70,67
213512,CM,64,70,70,71
215401,LCM,67,66,65,82
216834,RDM,71,65,66,71
217759,RCM,54,58,60,79
220826,RDM,31,60,60,76
223134,RDM,79,57,66,68
228245,LCM,75,70,71,63
46857,CM,38,72,68,60
50955,CAM,59,69,71,58
146377,CAM,72,62,70,71
156683,CM,66,66,65,67
160292,CDM,41,67,64,65
162900,LCM,39,69,67,73
164610,LDM,43,60,61,72
164637,RCM,40,62,54,80
165908,LCM,69,65,64,77
170305,RCM,52,62,62,69
174732,RDM,60,68,64,76
175598,LDM,43,62,59,79
176608,CAM,76,66,69,58
176992,CDM,62,65,61,74
178421,LCM,62,66,68,56
178461,LCM,71,65,65,75
178510,CM,67,68,66,67
179731,LCM,66,69,67,70
183527,RCM,66,63,68,72
183691,RCM,68,70,66,66
184242,LDM,68,67,68,69
185018,RCM,66,70,65,68
186449,CDM,59,66,61,79
186559,RCM,57,67,68,68
187896,CAM,58,68,68,62
188383,CDM,52,66,62,74
189311,LCM,72,67,67,75
189383,CM,53,70,66,70
189412,RCM,66,63,64,69
189490,CDM,71,69,69,71
190408,LCM,71,63,66,67
192431,RDM,58,67,60,72
193645,LCM,72,66,68,69
194885,RCM,66,61,63,62
196339,RDM,64,64,67,70
199159,RDM,66,69,67,72
200601,LCM,74,68,67,70
202304,LCM,66,67,66,71
203603,RDM,69,65,71,66
203798,RCM,69,62,56,79
203820,RCM,59,63,63,74
204442,LCM,65,66,64,71
206628,CDM,53,60,63,68
208923,LDM,69,68,68,71
209413,LDM,49,57,53,82
209737,RDM,54,64,66,64
210028,RDM,63,59,67,79
210566,CAM,77,65,73,46
211745,LCM,69,61,62,75
211746,CDM,59,66,68,75
212377,LCM,64,64,66,69
213375,CM,73,62,67,70
214198,CAM,69,64,65,76
215118,CAM,57,71,65,56
215760,RCM,67,71,69,64
216138,LCM,56,63,64,81
217086,LDM,74,62,67,72
223581,RDM,65,67,67,66
224140,LCM,72,57,57,85
227443,LDM,35,68,65,61
227840,LDM,61,68,68,72
229201,LCM,55,67,63,76
229845,RCM,67,66,69,68
231027,CAM,68,68,74,43
235201,RCM,79,64,72,64
238682,LDM,66,64,63,76
238692,LDM,40,59,52,84
238989,CAM,73,65,67,63
248009,RDM,64,65,70,65
245155,RCM,85,63,77,69
230975,LAM,74,54,69,66
233315,LCM,72,65,65,62
237840,LCM,71,64,69,61
237982,CAM,75,61,73,43
233487,LCM,79,65,71,67
242490,LDM,59,59,65,68
243011,RDM,69,63,63,69
220693,LCM,63,56,63,71
220940,LDM,63,69,64,67
222937,CAM,72,65,66,62
223756,CAM,61,59,64,72
233705,RCM,66,61,67,70
235521,RCM,65,64,70,57
225853,LCM,73,64,69,67
228151,RDM,68,63,69,64
235670,LDM,73,66,70,60
241093,RDM,66,60,62,75
243015,RDM,67,37,42,70
252139,LCM,66,64,68,63
205291,LCM,59,67,68,71
208302,RCM,76,62,66,78
221336,LCM,66,68,70,44
231733,CAM,68,64,69,44
226686,LDM,59,64,63,75
243339,LDM,63,66,66,67
243887,CAM,78,61,68,64
207916,LCM,75,63,68,67
207956,CDM,79,63,68,79
210217,LCM,57,54,57,72
213957,LCM,69,64,67,71
216025,RCM,69,67,66,55
224504,CAM,69,65,70,64
227622,RCM,58,65,70,63
230906,CAM,71,65,68,73
232823,RCM,77,65,69,68
234196,CAM,71,68,72,57
238636,LDM,66,61,63,75
242673,CAM,64,69,68,65
247215,CDM,66,66,66,63
251899,RCM,61,64,58,72
212988,RDM,66,59,62,77
225115,LCM,72,66,68,66
229677,LDM,62,56,60,79
198702,CDM,63,64,66,77
200746,RCM,65,64,62,71
202808,RDM,75,61,66,69
204322,RCM,83,62,68,69
205232,LCM,64,65,68,69
211437,RDM,67,65,63,69
212374,LDM,71,64,67,69
213530,CDM,56,66,66,75
214175,LDM,55,60,56,74
216288,LDM,71,59,63,77
220895,LCM,73,62,72,64
226405,LDM,70,55,62,77
233140,LCM,80,64,70,63
235890,RDM,59,59,60,65
237538,LCM,69,62,67,76
252314,CAM,81,63,69,58
201484,CAM,78,64,68,64
201869,CDM,60,67,68,64
204152,RDM,74,60,64,73
209618,CDM,59,65,64,69
210269,RDM,68,62,64,73
229212,CM,67,64,65,82
192582,RCM,46,60,58,79
211955,RDM,61,55,60,77
215786,LDM,59,58,58,73
234281,CAM,81,65,74,53
104476,CAM,38,69,66,69
145014,RCM,64,60,60,73
151270,CAM,49,68,68,60
159566,LDM,58,71,62,65
173337,CDM,32,64,52,69
173673,CDM,62,66,70,65
181010,CDM,46,55,57,84
181013,RCM,49,70,69,67
181381,RDM,60,62,61,77
181559,LCM,34,64,63,68
182094,RDM,61,55,57,77
183486,CAM,67,64,70,63
187550,RCM,66,60,61,76
189141,CAM,73,58,68,61
189730,RCM,56,58,58,86
190332,LDM,71,62,71,59
191378,RCM,51,67,70,63
191843,CDM,66,53,58,71
192169,LCM,44,70,62,70
192346,CDM,60,68,65,66
192439,RCM,72,62,67,79
193358,LCM,69,65,74,48
193427,CAM,80,64,67,65
196948,LDM,67,65,69,67
202064,CAM,73,65,67,65
205465,CAM,66,58,64,76
208455,RCM,71,62,64,72
211850,LCM,76,64,69,66
211880,RDM,68,66,61,68
214063,RDM,51,56,58,71
214319,LDM,46,53,50,73
216273,LCM,61,59,63,83
216534,LCM,80,62,68,64
221847,LCM,67,68,64,64
229380,LCM,53,67,66,71
232376,LCM,70,64,63,76
232919,LCM,50,67,65,69
234482,RCM,69,62,65,77
238015,RCM,68,65,70,66
240258,RCM,60,59,61,76
242028,LCM,65,68,68,51
246339,RCM,64,59,61,71
248043,RDM,60,62,67,67
248100,LDM,68,59,66,64
230786,CDM,42,69,66,57
234886,LCM,63,55,58,74
240950,LCM,66,63,68,42
242294,RCM,56,62,63,61
231445,RCM,72,64,69,71
233884,CDM,68,62,64,73
234319,RDM,63,58,65,66
223962,RCM,68,58,65,75
236043,RDM,68,62,66,66
239373,CAM,68,60,67,75
239494,LDM,56,59,62,73
239529,RCM,84,60,68,74
248257,LCM,66,63,59,67
213488,CAM,75,59,70,65
215036,CDM,68,65,63,67
225769,RCM,68,64,64,77
229753,LDM,69,61,65,73
233079,LCM,59,57,65,65
235315,RCM,76,58,68,62
240172,CDM,57,65,67,58
248117,RCM,79,59,68,38
234983,RDM,73,64,67,68
237721,LDM,67,59,62,72
237772,CAM,76,61,67,58
244546,RCM,71,65,65,71
252184,RCM,70,60,67,65
227982,LCM,58,63,62,67
229477,CAM,72,65,68,56
231103,RCM,64,59,64,63
235398,RCM,76,66,67,60
212493,CAM,79,62,71,51
212997,LCM,71,64,69,62
213147,RCM,77,65,62,73
229118,CDM,65,63,65,68
229923,LAM,78,56,72,53
233642,CAM,67,60,67,64
236877,RCM,71,62,66,66
239095,RDM,68,62,62,65
205961,RDM,60,63,66,61
210108,CAM,72,62,66,63
211228,LCM,69,66,65,66
211901,RDM,73,63,71,57
211928,CDM,67,64,65,73
227894,LDM,57,55,61,72
234534,LCM,65,60,68,54
244941,CAM,73,63,67,53
247911,RDM,70,62,65,53
211238,LCM,76,64,67,63
212485,CDM,59,63,66,69
221383,CAM,78,57,69,46
232431,LCM,66,62,66,69
244315,CDM,71,64,65,59
250868,RDM,65,66,64,66
199002,RCM,63,62,68,71
202422,RCM,66,64,65,74
205593,LDM,72,60,66,68
208370,RDM,61,65,69,65
210646,LCM,71,64,64,78
212939,CM,51,56,58,68
213557,RCM,67,61,66,68
214016,CAM,87,66,68,58
214019,LCM,70,61,61,73
215279,RDM,65,57,60,73
224094,CDM,52,56,55,79
232162,LDM,71,58,65,72
238005,RDM,53,62,63,71
205072,RCM,69,61,60,73
216517,CDM,66,63,65,64
221239,LDM,70,64,61,74
221828,LDM,72,61,64,79
224014,CAM,76,64,69,47
235151,LDM,67,63,61,70
194792,RCM,72,63,66,73
198622,LCM,76,63,67,73
206536,LDM,62,59,62,79
210123,RCM,68,66,64,71
213833,CDM,41,57,60,85
223042,CAM,74,62,68,63
225731,RCM,71,62,64,70
234587,RCM,74,66,69,58
243743,CAM,80,61,69,62
243841,CAM,76,62,68,62
148720,CDM,48,57,60,70
156894,LDM,53,62,65,78
167180,LCM,65,64,67,70
169571,CM,53,67,66,66
170879,RCM,54,62,65,65
171971,LCM,55,68,65,66
172928,LDM,51,67,63,59
176207,LCM,63,63,65,61
177320,LCM,54,59,61,76
177912,RCM,64,67,66,72
184266,CAM,70,67,69,67
185171,CDM,38,65,61,78
186756,CAM,75,66,69,63
189962,RDM,72,57,50,76
190199,RDM,63,68,66,53
191861,LCM,59,52,57,73
192074,LCM,64,66,64,66
193608,CM,62,61,66,78
196145,RDM,76,64,66,72
196434,RCM,68,63,65,72
197148,RCM,71,62,66,70
198104,LDM,65,56,60,77
198490,RCM,57,65,59,80
199351,CAM,66,64,68,59
199686,RDM,55,62,60,65
199772,RDM,77,60,68,67
199815,LCM,65,64,65,70
200432,CAM,72,65,62,64
201068,LDM,72,63,67,68
203454,RDM,71,62,59,71
204136,CAM,47,59,67,69
204987,LCM,73,59,69,63
205423,LCM,74,62,72,62
205535,RCM,77,62,71,58
210000,RCM,74,66,68,69
211044,LDM,70,60,68,67
214386,RDM,54,62,66,72
214487,LDM,53,56,63,73
216182,CDM,41,59,60,71
221360,CAM,41,68,66,41
227810,RCM,61,66,66,70
234751,RDM,67,62,67,77
237745,RCM,58,65,66,69
238595,LDM,61,68,68,56
241043,CDM,57,60,59,78
240097,LCM,68,63,66,70
239701,RCM,74,58,72,58
235167,LDM,59,60,65,68
237490,RDM,68,63,68,59
239145,RCM,66,61,64,69
239629,RCM,67,64,66,58
238320,RCM,74,65,67,63
238786,CDM,58,61,64,66
241538,LCM,72,56,62,68
247972,CAM,67,61,68,55
223186,CM,62,62,63,60
224017,LDM,57,59,58,69
228375,RDM,68,60,62,62
232250,RDM,58,64,64,61
235496,RDM,73,58,66,65
242069,CAM,73,64,66,57
243713,CDM,43,53,53,80
246057,RCM,68,62,60,63
228638,LDM,70,65,64,52
228833,RCM,78,64,68,61
234239,CAM,78,62,69,53
236427,LCM,61,65,68,67
240942,LCM,62,60,62,62
240992,RCM,69,63,65,59
213959,LCM,61,67,68,59
215489,RCM,57,43,42,65
219449,LDM,68,64,70,64
222405,LCM,74,61,65,77
225542,RCM,62,69,65,62
226206,RCM,58,55,60,66
228299,LCM,45,64,66,70
235095,LDM,58,53,60,68
238126,LCM,58,61,66,34
245543,RCM,69,52,61,70
246389,LCM,78,65,67,63
248831,RDM,34,51,49,70
212990,CAM,71,64,64,64
214658,CM,64,63,62,71
220965,LCM,70,65,69,42
225590,CAM,69,63,66,61
239458,CAM,68,62,66,59
241067,LCM,52,64,61,65
243881,LAM,68,58,66,74
247974,RCM,56,63,62,64
209954,LCM,72,66,70,65
212237,CDM,61,62,55,71
212753,LCM,67,62,66,66
213635,RDM,65,54,57,73
227744,LDM,76,51,59,66
234918,CAM,70,60,65,76
243733,RCM,74,61,61,69
252091,CAM,66,64,63,57
202693,LCM,66,58,64,77
226924,LCM,66,60,60,66
243745,CAM,54,64,67,73
248057,RCM,68,59,61,69
248101,CDM,70,58,64,66
250857,RCM,64,62,65,60
251055,RDM,67,60,64,60
206202,LCM,74,64,66,76
212099,LCM,67,61,68,59
216503,RDM,71,61,64,70
216524,LCM,76,57,65,68
221934,LCM,76,63,70,67
227686,CAM,82,56,68,54
236859,LDM,58,58,52,71
237177,LDM,62,56,64,74
200928,LCM,54,64,60,75
201901,RCM,72,64,67,73
206054,RCM,81,57,67,70
219984,CAM,73,66,73,57
222506,CAM,72,62,65,67
228645,RCM,68,60,64,74
231514,RCM,70,65,68,64
232195,RDM,66,61,62,69
237747,LCM,65,64,65,70
193771,RDM,70,61,66,62
203930,LDM,48,55,57,83
205119,RDM,58,62,64,59
229083,RCM,72,61,65,70
232991,LCM,70,64,67,69
237494,LDM,57,55,57,79
244054,LCM,69,64,65,69
144415,LDM,47,57,60,66
158716,RCM,51,62,62,74
169461,RCM,63,65,60,76
169479,LCM,51,59,60,77
172872,LDM,59,62,66,64
177696,LDM,66,66,66,64
178479,CM,72,66,66,63
178768,LDM,63,64,64,67
179856,RCM,57,61,64,69
182944,LCM,62,58,60,77
183344,RCM,60,66,68,66
186126,RCM,64,66,65,62
188490,LCM,64,64,66,69
189721,CAM,65,63,64,74
190807,CAM,62,62,62,74
192237,LDM,70,57,63,70
192970,LCM,72,63,73,64
193173,RCM,67,62,60,74
199197,RCM,61,60,63,71
199787,RDM,46,54,53,76
202532,LDM,63,66,65,70
203456,LDM,47,58,57,74
205005,RDM,61,60,55,73
207620,CAM,77,60,63,62
213604,RCM,36,67,61,62
214144,RDM,50,65,68,58
214489,RDM,46,62,63,64
217160,RCM,82,63,67,69
219268,LCM,56,54,60,66
222172,LCM,73,66,68,71
223444,RCM,56,55,58,74
237348,RCM,53,62,62,69
237762,CAM,62,64,66,55
237764,LDM,65,62,63,72
238951,RCM,67,65,65,61
241016,LDM,68,63,63,70
243852,RCM,76,66,68,53
244453,RDM,63,65,62,69
248768,RCM,62,65,64,63
244895,LDM,79,60,67,72
247361,LCM,72,60,67,50
236530,LCM,64,59,66,52
240653,CAM,69,62,62,65
244829,RCM,66,65,63,45
251071,LDM,63,60,65,50
235101,CDM,70,59,64,65
238980,CAM,72,59,65,62
245497,CAM,66,63,70,53
227806,CDM,54,64,64,47
228751,LCM,77,58,70,56
238965,CDM,67,52,55,74
244669,CAM,61,60,62,66
225561,CAM,74,57,68,47
226546,CAM,77,58,69,58
238270,RDM,63,57,59,74
244589,CAM,69,60,65,61
218887,CDM,66,60,66,67
239690,RDM,66,55,64,66
247580,CAM,72,57,67,61
205145,LCM,67,60,66,53
213434,CAM,76,60,65,65
237920,RDM,67,61,65,61
244176,LCM,62,44,63,71
213471,RCM,56,68,66,58
216442,CAM,75,58,69,58
218343,CAM,74,58,66,58
223680,RDM,63,57,62,67
239091,LCM,68,52,56,76
207430,RCM,66,62,68,61
222227,CM,76,61,64,65
243894,LCM,62,62,66,63
214414,LDM,60,53,64,70
219392,RDM,69,62,66,72
230713,LCM,64,60,63,66
240335,RCM,60,59,63,76
246817,LCM,61,57,58,70
198655,LCM,67,52,60,71
198811,CM,55,61,60,66
207639,RCM,63,62,62,77
221001,LCM,68,63,62,74
232922,LCM,79,56,64,62
238801,RCM,74,51,55,75
248010,LDM,61,60,66,66
188985,LCM,76,63,70,61
200210,RCM,68,63,67,66
206332,LDM,53,59,61,70
223429,CAM,76,61,67,59
229280,CAM,53,63,66,56
232269,LAM,67,61,67,61
232338,LCM,63,35,36,72
232928,LDM,75,61,62,59
233173,LDM,78,61,64,66
239170,RCM,55,63,64,63
11811,LCM,55,62,61,72
155757,LCM,48,64,60,76
170784,LCM,59,66,65,60
171601,CDM,39,62,61,66
171970,RCM,61,61,64,74
172568,RCM,59,62,60,73
177285,CM,57,58,58,76
179537,CDM,52,65,64,65
182156,LDM,54,59,60,69
186565,LCM,75,58,65,63
186884,RDM,69,55,60,73
188789,CAM,77,54,71,58
189163,RCM,71,61,66,84
189751,LCM,67,62,67,71
192231,CM,74,60,66,75
203838,CAM,74,59,67,54
207836,RCM,70,62,63,62
209565,LDM,63,55,60,74
211833,CAM,75,60,69,74
219678,RDM,69,63,65,61
223268,CAM,50,66,64,58
223396,CM,46,52,56,85
224169,LCM,72,69,71,63
244514,RDM,60,56,52,65
248778,LCM,62,62,62,56
251047,LCM,60,59,66,53
252848,RCM,73,61,64,68
241707,LCM,64,56,58,70
246350,CAM,64,64,68,41
242670,RDM,70,59,65,64
251988,LCM,68,63,67,52
244399,LDM,78,63,67,63
244692,CDM,65,60,63,61
236657,RDM,64,62,55,68
241237,RCM,62,60,64,72
243525,LCM,58,57,66,65
234297,LCM,66,62,60,69
246385,CAM,73,54,67,64
220677,LCM,69,61,66,46
224211,LCM,68,48,55,71
204275,RCM,70,59,66,56
229353,LDM,59,57,60,64
234945,RDM,64,61,60,67
245017,RDM,62,58,56,68
214748,LCM,70,63,64,64
233272,LCM,61,56,58,74
237279,RCM,70,59,63,69
239930,RDM,66,56,61,69
212782,LCM,69,60,65,74
220479,CM,62,63,63,65
220579,LDM,68,61,64,56
225146,RCM,77,56,64,80
228044,LCM,65,63,62,68
230801,LDM,65,58,63,67
232682,CAM,65,59,66,60
243914,LCM,67,57,65,68
216111,LCM,72,60,64,61
220635,LCM,63,62,65,66
229819,RCM,63,57,66,61
237789,RCM,60,51,47,71
202659,RCM,84,52,67,56
230044,RCM,68,64,64,68
232940,RCM,68,56,62,67
234061,RCM,67,51,63,66
239636,LCM,54,58,61,81
242176,RDM,53,58,64,56
203615,RDM,64,62,60,68
210615,RCM,71,62,62,68
202551,CM,45,54,55,73
204383,CAM,74,60,64,56
225079,LDM,69,62,66,50
251026,RCM,66,65,62,66
53818,LCM,66,59,61,67
165748,RDM,53,56,57,71
166736,RCM,67,60,62,68
171868,RDM,60,63,66,61
171923,LCM,69,63,63,65
172680,RCM,73,59,62,75
173836,CAM,75,56,65,64
177618,LCM,63,62,63,71
177692,CDM,79,63,66,70
180352,CAM,65,62,63,67
180903,CAM,63,65,67,64
187782,RCM,61,56,58,72
188900,LCM,66,63,64,68
189492,RDM,58,58,64,68
198153,RCM,69,61,65,70
199046,LCM,79,61,63,72
200058,LCM,73,61,71,69
202731,RDM,62,59,59,66
207789,RCM,75,56,68,42
208928,LCM,71,61,65,60
211004,CDM,71,60,63,71
232465,RDM,41,61,62,62
234915,RCM,64,62,64,63
241349,LCM,74,55,61,74
242254,CM,64,58,59,76
245687,LDM,60,66,67,71
250961,CAM,73,42,64,65
245097,LCM,72,62,71,50
241809,RCM,68,61,64,61
251072,CAM,67,57,64,53
245685,LCM,58,62,57,63
251497,LDM,62,56,58,71
252186,RDM,63,60,65,62
232446,RCM,66,61,62,62
242725,RCM,45,59,64,72
240978,CAM,65,61,62,64
241587,LDM,65,43,50,78
241927,RCM,75,59,68,55
235636,RCM,55,57,61,67
221358,CDM,61,56,62,70
233378,LCM,65,64,61,59
235799,LCM,71,58,64,72
236764,RDM,71,61,65,63
242118,LDM,72,54,67,44
250779,RCM,54,45,35,78
252060,RCM,67,57,61,65
211607,LDM,60,59,67,63
223810,LCM,67,58,62,59
224418,CM,71,58,63,71
229438,RCM,60,59,66,61
232826,LCM,69,58,64,65
247840,LCM,68,55,65,51
230136,LCM,66,60,63,61
238792,LDM,71,58,64,51
246953,LCM,65,59,64,65
252116,RCM,65,64,66,54
213665,CM,66,61,57,69
213688,LDM,69,61,67,57
237867,LDM,50,55,57,65
244102,CAM,70,56,63,67
242836,LCM,65,59,67,62
204411,CM,55,51,59,71
223146,LCM,67,60,65,54
240837,CAM,60,60,66,57
210474,CDM,48,53,61,70
228889,RCM,63,51,53,65
208771,CAM,51,60,60,71
222199,RCM,61,46,45,71
224685,RCM,58,51,55,69
251213,CDM,62,62,60,62
203210,CDM,67,51,56,76
214634,CDM,72,62,61,69
198692,LCM,65,62,63,61
216226,LDM,62,55,60,75
251082,CAM,66,59,58,46
251085,LAM,61,40,59,62
184013,LDM,56,57,61,81
185388,CDM,41,56,60,79
186230,CM,63,57,63,76
187918,LDM,52,60,63,60
190492,CAM,66,61,59,83
193083,RCM,55,56,55,82
201534,LCM,65,58,63,62
209254,RCM,82,56,64,61
214458,RCM,41,59,59,58
222063,LCM,71,59,64,54
232820,LCM,70,62,66,69
235457,RCM,62,56,57,81
240221,LCM,56,63,57,59
246323,LCM,60,55,63,66
250832,CM,65,54,58,70
238216,CAM,63,56,63,60
252290,CM,61,63,64,49
247093,RCM,71,61,64,56
225779,LDM,54,53,53,74
248588,RCM,66,54,60,66
251076,RDM,64,54,60,64
228292,LCM,68,62,58,59
230812,RCM,71,57,64,62
236364,RDM,66,60,63,55
237132,CAM,62,62,62,48
230846,CAM,83,56,64,66
242230,CDM,47,59,57,66
251501,RDM,63,55,61,62
252291,LCM,60,57,59,58
212366,CDM,67,58,63,65
221528,RCM,70,58,63,61
221928,RCM,66,62,63,47
229839,LCM,66,59,64,57
251441,LDM,66,51,61,62
225972,LCM,69,63,61,67
203417,RCM,77,57,64,70
216190,RCM,66,58,57,71
247188,LCM,77,56,65,47
214747,RCM,67,62,62,63
198252,RCM,64,57,60,72
53352,CDM,46,56,57,75
160293,RCM,53,60,60,69
178008,LCM,61,59,61,63
204222,LCM,66,63,64,67
244469,CDM,58,55,59,69
247991,RDM,33,56,53,78
251046,CDM,63,58,61,59
243468,CDM,65,52,54,62
248487,CAM,57,55,65,43
235913,CAM,61,59,61,54
251628,LCM,71,60,65,48
238177,CM,66,59,60,61
240605,LCM,72,56,63,60
228744,LDM,61,56,63,60
231145,CAM,66,59,62,53
215820,CDM,60,52,55,70
222978,RCM,56,63,58,62
227288,LCM,68,63,63,58
250876,CDM,56,56,47,65
252853,LCM,71,56,59,52
225674,RCM,65,55,61,70
228799,LCM,68,54,60,63
250952,RDM,65,51,54,70
224311,RCM,71,56,59,77
227082,LCM,72,56,66,41
248339,CAM,69,57,62,50
243992,RCM,70,60,59,59
230126,CAM,77,55,62,61
251506,RDM,63,53,61,62
225661,CDM,70,51,59,66
198891,RCM,63,61,58,61
200263,LCM,58,57,59,65
247573,CM,50,55,52,64
173785,CDM,70,56,58,74
182419,RCM,58,54,46,63
240984,RDM,57,54,54,66
251118,RDM,68,51,48,53
234066,RCM,70,56,59,61
234894,RCM,66,56,62,60
241953,LCM,65,53,56,64
247730,RCM,60,57,64,56
246301,LDM,64,52,58,66
227929,CDM,62,57,61,60
230148,CM,70,56,59,68
232769,LCM,66,57,61,58
236389,CAM,63,60,63,47
238520,LCM,51,53,62,55
247576,RCM,63,58,61,52
225999,LCM,49,56,58,63
220994,RCM,72,58,62,53
246872,CDM,66,54,54,68
252761,RDM,73,53,55,60
203424,LCM,64,51,57,77
206082,CM,53,48,51,66
232216,CDM,64,44,55,62
227970,LCM,66,43,46,67
229914,CAM,85,55,62,78
224526,RDM,57,54,63,60
224016,RCM,77,54,57,67
189810,RDM,47,59,58,69
222174,RDM,60,53,61,63
242302,RDM,63,57,61,56
242040,RCM,74,56,59,58
251024,RDM,68,56,62,48
240331,LCM,79,50,60,68
240822,LCM,61,54,58,56
246434,RCM,65,53,61,63
248553,RDM,62,54,55,71
228047,CAM,75,52,60,68
236379,LDM,66,56,63,52
237677,RDM,56,55,58,55
237889,RDM,49,57,54,67
236012,LDM,62,54,56,61
242913,CM,53,44,42,61
229123,RCM,82,53,61,55
244212,RCM,65,55,55,66
220033,LCM,57,56,59,55
222432,RCM,82,57,63,49
247545,LCM,58,52,55,63
242548,LCM,64,54,56,60
235771,RCM,63,56,59,57
234497,RCM,75,53,58,66
243173,RCM,72,53,58,62
239607,LCM,66,56,54,63
242258,LCM,65,53,60,42
232822,RCM,84,54,63,58
242414,LCM,63,58,58,58
238171,LCM,59,55,60,56
250970,LCM,68,52,56,65
237208,RCM,69,53,57,69
251358,RDM,70,54,52,61
248716,CAM,70,51,56,52
166920,RCM,50,56,57,70
216542,RCM,59,55,58,59
236838,RCM,64,53,58,58
243651,LCM,67,55,57,61
252786,CAM,64,53,62,39
230950,RCM,68,54,58,64
247719,CAM,65,52,57,51
200744,RDM,59,57,60,60
247191,RCM,59,48,52,62
247054,CAM,61,51,52,61
231827,RCM,63,49,55,62
246591,LCM,68,53,57,60
251835,CM,61,45,50,63
242786,RCM,64,50,48,43
234375,LDM,55,55,60,56
252587,CAM,62,44,54,48
245040,CDM,79,35,32,65
252586,RDM,61,50,51,55
243084,RCM,63,52,53,59
